requirementId,domain,implementationPath,apiEvidence,dbEvidence,testEvidence,runtimeEvidence,status,blocker
ADMIN-001,ADMIN,services/api/src/routes/admin.routes.ts; services/api/src/repositories/admin.repository.ts; apps/admin,38 admin endpoints enumerated in adminRoutesManifest,admin_roles; admin_role_members; admin_audit_logs; notices; ad_campaigns; operational_incidents,services/api/tests/admin-rbac-audit-moderation-routes.test.ts; admin-phase3-final-closure.test.ts; admin-growth-content-contract.test.ts,PARTIAL DB-backed staging admin runtime not available,PARTIAL,Synthetic staging admin principal plus DB-backed repository implementation/runtime evidence required
ADMIN-002,ADMIN,services/api/src/routes/admin.routes.ts; services/api/src/repositories/admin.repository.ts; apps/admin,38 admin endpoints enumerated in adminRoutesManifest,admin_roles; admin_role_members; admin_audit_logs; notices; ad_campaigns; operational_incidents,services/api/tests/admin-rbac-audit-moderation-routes.test.ts; admin-phase3-final-closure.test.ts; admin-growth-content-contract.test.ts,PARTIAL DB-backed staging admin runtime not available,PARTIAL,Synthetic staging admin principal plus DB-backed repository implementation/runtime evidence required
ADMIN-003,ADMIN,services/api/src/routes/admin.routes.ts; services/api/src/repositories/admin.repository.ts; apps/admin,38 admin endpoints enumerated in adminRoutesManifest,admin_roles; admin_role_members; admin_audit_logs; notices; ad_campaigns; operational_incidents,services/api/tests/admin-rbac-audit-moderation-routes.test.ts; admin-phase3-final-closure.test.ts; admin-growth-content-contract.test.ts,PARTIAL DB-backed staging admin runtime not available,PARTIAL,Synthetic staging admin principal plus DB-backed repository implementation/runtime evidence required
ADMIN-004,ADMIN,services/api/src/routes/admin.routes.ts; services/api/src/repositories/admin.repository.ts; apps/admin,38 admin endpoints enumerated in adminRoutesManifest,admin_roles; admin_role_members; admin_audit_logs; notices; ad_campaigns; operational_incidents,services/api/tests/admin-rbac-audit-moderation-routes.test.ts; admin-phase3-final-closure.test.ts; admin-growth-content-contract.test.ts,PASS local route/runtime contract; Phase 6 growth content staging where applicable,PASS,
ADMIN-005,ADMIN,services/api/src/routes/admin.routes.ts; services/api/src/repositories/admin.repository.ts; apps/admin,38 admin endpoints enumerated in adminRoutesManifest,admin_roles; admin_role_members; admin_audit_logs; notices; ad_campaigns; operational_incidents,services/api/tests/admin-rbac-audit-moderation-routes.test.ts; admin-phase3-final-closure.test.ts; admin-growth-content-contract.test.ts,PARTIAL DB-backed staging admin runtime not available,PARTIAL,Synthetic staging admin principal plus DB-backed repository implementation/runtime evidence required
ADMIN-006,ADMIN,services/api/src/routes/admin.routes.ts; services/api/src/repositories/admin.repository.ts; apps/admin,38 admin endpoints enumerated in adminRoutesManifest,admin_roles; admin_role_members; admin_audit_logs; notices; ad_campaigns; operational_incidents,services/api/tests/admin-rbac-audit-moderation-routes.test.ts; admin-phase3-final-closure.test.ts; admin-growth-content-contract.test.ts,PASS local route/runtime contract; Phase 6 growth content staging where applicable,PASS,
ADMIN-007,ADMIN,services/api/src/routes/admin.routes.ts; services/api/src/repositories/admin.repository.ts; apps/admin,38 admin endpoints enumerated in adminRoutesManifest,admin_roles; admin_role_members; admin_audit_logs; notices; ad_campaigns; operational_incidents,services/api/tests/admin-rbac-audit-moderation-routes.test.ts; admin-phase3-final-closure.test.ts; admin-growth-content-contract.test.ts,PASS local route/runtime contract; Phase 6 growth content staging where applicable,PASS,
ADMIN-008,ADMIN,services/api/src/routes/admin.routes.ts; services/api/src/repositories/admin.repository.ts; apps/admin,38 admin endpoints enumerated in adminRoutesManifest,admin_roles; admin_role_members; admin_audit_logs; notices; ad_campaigns; operational_incidents,services/api/tests/admin-rbac-audit-moderation-routes.test.ts; admin-phase3-final-closure.test.ts; admin-growth-content-contract.test.ts,PARTIAL DB-backed staging admin runtime not available,PARTIAL,Synthetic staging admin principal plus DB-backed repository implementation/runtime evidence required
ADMIN-009,ADMIN,services/api/src/routes/admin.routes.ts; services/api/src/repositories/admin.repository.ts; apps/admin,38 admin endpoints enumerated in adminRoutesManifest,admin_roles; admin_role_members; admin_audit_logs; notices; ad_campaigns; operational_incidents,services/api/tests/admin-rbac-audit-moderation-routes.test.ts; admin-phase3-final-closure.test.ts; admin-growth-content-contract.test.ts,PARTIAL DB-backed staging admin runtime not available,PARTIAL,Synthetic staging admin principal plus DB-backed repository implementation/runtime evidence required
ADMIN-010,ADMIN,services/api/src/routes/admin.routes.ts; services/api/src/repositories/admin.repository.ts; apps/admin,38 admin endpoints enumerated in adminRoutesManifest,admin_roles; admin_role_members; admin_audit_logs; notices; ad_campaigns; operational_incidents,services/api/tests/admin-rbac-audit-moderation-routes.test.ts; admin-phase3-final-closure.test.ts; admin-growth-content-contract.test.ts,PASS local route/runtime contract; Phase 6 growth content staging where applicable,PASS,
ADMIN-011,ADMIN,services/api/src/routes/admin.routes.ts; services/api/src/repositories/admin.repository.ts; apps/admin,38 admin endpoints enumerated in adminRoutesManifest,admin_roles; admin_role_members; admin_audit_logs; notices; ad_campaigns; operational_incidents,services/api/tests/admin-rbac-audit-moderation-routes.test.ts; admin-phase3-final-closure.test.ts; admin-growth-content-contract.test.ts,PARTIAL DB-backed staging admin runtime not available,PARTIAL,Synthetic staging admin principal plus DB-backed repository implementation/runtime evidence required
ADMIN-012,ADMIN,services/api/src/routes/admin.routes.ts; services/api/src/repositories/admin.repository.ts; apps/admin,38 admin endpoints enumerated in adminRoutesManifest,admin_roles; admin_role_members; admin_audit_logs; notices; ad_campaigns; operational_incidents,services/api/tests/admin-rbac-audit-moderation-routes.test.ts; admin-phase3-final-closure.test.ts; admin-growth-content-contract.test.ts,PASS local route/runtime contract; Phase 6 growth content staging where applicable,PASS,
ADMIN-013,ADMIN,services/api/src/routes/admin.routes.ts; services/api/src/repositories/admin.repository.ts; apps/admin,38 admin endpoints enumerated in adminRoutesManifest,admin_roles; admin_role_members; admin_audit_logs; notices; ad_campaigns; operational_incidents,services/api/tests/admin-rbac-audit-moderation-routes.test.ts; admin-phase3-final-closure.test.ts; admin-growth-content-contract.test.ts,PASS local route/runtime contract; Phase 6 growth content staging where applicable,PASS,
ADMIN-014,ADMIN,services/api/src/routes/admin.routes.ts; services/api/src/repositories/admin.repository.ts; apps/admin,38 admin endpoints enumerated in adminRoutesManifest,admin_roles; admin_role_members; admin_audit_logs; notices; ad_campaigns; operational_incidents,services/api/tests/admin-rbac-audit-moderation-routes.test.ts; admin-phase3-final-closure.test.ts; admin-growth-content-contract.test.ts,PASS local route/runtime contract; Phase 6 growth content staging where applicable,PASS,
ADMIN-015,ADMIN,services/api/src/routes/admin.routes.ts; services/api/src/repositories/admin.repository.ts; apps/admin,38 admin endpoints enumerated in adminRoutesManifest,admin_roles; admin_role_members; admin_audit_logs; notices; ad_campaigns; operational_incidents,services/api/tests/admin-rbac-audit-moderation-routes.test.ts; admin-phase3-final-closure.test.ts; admin-growth-content-contract.test.ts,PASS local route/runtime contract; Phase 6 growth content staging where applicable,PASS,
