REQ_ID,MOBILE_SCOPE,ROUTES,COMPONENTS,API,STATES,TEST,RUNTIME,EVIDENCE,STATUS
AUTH-001,auth/session/account mobile flows,/; /(auth)/login; /(auth)/signup; /(auth)/forgot-password; /(auth)/reset-password; /(auth)/verify-email; /auth/oauth/callback; /onboarding; /profile/account; /profile/support,apps/mobile/app; apps/mobile/src/features; apps/mobile/src/shared/api,canonical mobile API client and prior staging API evidence,loading/empty/error/offline/permission/validation matrix recorded,mobile Jest focused route/API tests; Phase 9 validator,source/internal runtime evidence; current-source Android device runtime external,docs/mobile/PHASE_9_MOBILE_FUNCTIONAL_COMPLETION.json,PASS_SOURCE_INTERNAL_DEVICE_RUNTIME_EXTERNAL
AUTH-002,auth/session/account mobile flows,/; /(auth)/login; /(auth)/signup; /(auth)/forgot-password; /(auth)/reset-password; /(auth)/verify-email; /auth/oauth/callback; /onboarding; /profile/account; /profile/support,apps/mobile/app; apps/mobile/src/features; apps/mobile/src/shared/api,canonical mobile API client and prior staging API evidence,loading/empty/error/offline/permission/validation matrix recorded,mobile Jest focused route/API tests; Phase 9 validator,source/internal runtime evidence; current-source Android device runtime external,docs/mobile/PHASE_9_MOBILE_FUNCTIONAL_COMPLETION.json,PASS_SOURCE_INTERNAL_DEVICE_RUNTIME_EXTERNAL
AUTH-003,auth/session/account mobile flows,/; /(auth)/login; /(auth)/signup; /(auth)/forgot-password; /(auth)/reset-password; /(auth)/verify-email; /auth/oauth/callback; /onboarding; /profile/account; /profile/support,apps/mobile/app; apps/mobile/src/features; apps/mobile/src/shared/api,canonical mobile API client and prior staging API evidence,loading/empty/error/offline/permission/validation matrix recorded,mobile Jest focused route/API tests; Phase 9 validator,source/internal runtime evidence; current-source Android device runtime external,docs/mobile/PHASE_9_MOBILE_FUNCTIONAL_COMPLETION.json,PASS_SOURCE_INTERNAL_DEVICE_RUNTIME_EXTERNAL
AUTH-004,auth/session/account mobile flows,/; /(auth)/login; /(auth)/signup; /(auth)/forgot-password; /(auth)/reset-password; /(auth)/verify-email; /auth/oauth/callback; /onboarding; /profile/account; /profile/support,apps/mobile/app; apps/mobile/src/features; apps/mobile/src/shared/api,canonical mobile API client and prior staging API evidence,loading/empty/error/offline/permission/validation matrix recorded,mobile Jest focused route/API tests; Phase 9 validator,source/internal runtime evidence; current-source Android device runtime external,docs/mobile/PHASE_9_MOBILE_FUNCTIONAL_COMPLETION.json,PASS_SOURCE_INTERNAL_DEVICE_RUNTIME_EXTERNAL
AUTH-005,auth/session/account mobile flows,/; /(auth)/login; /(auth)/signup; /(auth)/forgot-password; /(auth)/reset-password; /(auth)/verify-email; /auth/oauth/callback; /onboarding; /profile/account; /profile/support,apps/mobile/app; apps/mobile/src/features; apps/mobile/src/shared/api,canonical mobile API client and prior staging API evidence,loading/empty/error/offline/permission/validation matrix recorded,mobile Jest focused route/API tests; Phase 9 validator,source/internal runtime evidence; current-source Android device runtime external,docs/mobile/PHASE_9_MOBILE_FUNCTIONAL_COMPLETION.json,PASS_SOURCE_INTERNAL_DEVICE_RUNTIME_EXTERNAL
AUTH-006,auth/session/account mobile flows,/; /(auth)/login; /(auth)/signup; /(auth)/forgot-password; /(auth)/reset-password; /(auth)/verify-email; /auth/oauth/callback; /onboarding; /profile/account; /profile/support,apps/mobile/app; apps/mobile/src/features; apps/mobile/src/shared/api,canonical mobile API client and prior staging API evidence,loading/empty/error/offline/permission/validation matrix recorded,mobile Jest focused route/API tests; Phase 9 validator,source/internal runtime evidence; current-source Android device runtime external,docs/mobile/PHASE_9_MOBILE_FUNCTIONAL_COMPLETION.json,EXTERNAL_BLOCKER_PROVIDER_RUNTIME_CONFIG
AUTH-007,auth/session/account mobile flows,/; /(auth)/login; /(auth)/signup; /(auth)/forgot-password; /(auth)/reset-password; /(auth)/verify-email; /auth/oauth/callback; /onboarding; /profile/account; /profile/support,apps/mobile/app; apps/mobile/src/features; apps/mobile/src/shared/api,canonical mobile API client and prior staging API evidence,loading/empty/error/offline/permission/validation matrix recorded,mobile Jest focused route/API tests; Phase 9 validator,source/internal runtime evidence; current-source Android device runtime external,docs/mobile/PHASE_9_MOBILE_FUNCTIONAL_COMPLETION.json,PASS_SOURCE_INTERNAL_DEVICE_RUNTIME_EXTERNAL
AUTH-008,auth/session/account mobile flows,/; /(auth)/login; /(auth)/signup; /(auth)/forgot-password; /(auth)/reset-password; /(auth)/verify-email; /auth/oauth/callback; /onboarding; /profile/account; /profile/support,apps/mobile/app; apps/mobile/src/features; apps/mobile/src/shared/api,canonical mobile API client and prior staging API evidence,loading/empty/error/offline/permission/validation matrix recorded,mobile Jest focused route/API tests; Phase 9 validator,source/internal runtime evidence; current-source Android device runtime external,docs/mobile/PHASE_9_MOBILE_FUNCTIONAL_COMPLETION.json,PASS_SOURCE_INTERNAL_DEVICE_RUNTIME_EXTERNAL
AUTH-009,auth/session/account mobile flows,/; /(auth)/login; /(auth)/signup; /(auth)/forgot-password; /(auth)/reset-password; /(auth)/verify-email; /auth/oauth/callback; /onboarding; /profile/account; /profile/support,apps/mobile/app; apps/mobile/src/features; apps/mobile/src/shared/api,canonical mobile API client and prior staging API evidence,loading/empty/error/offline/permission/validation matrix recorded,mobile Jest focused route/API tests; Phase 9 validator,source/internal runtime evidence; current-source Android device runtime external,docs/mobile/PHASE_9_MOBILE_FUNCTIONAL_COMPLETION.json,PASS_SOURCE_INTERNAL_DEVICE_RUNTIME_EXTERNAL
AUTH-010,auth/session/account mobile flows,/; /(auth)/login; /(auth)/signup; /(auth)/forgot-password; /(auth)/reset-password; /(auth)/verify-email; /auth/oauth/callback; /onboarding; /profile/account; /profile/support,apps/mobile/app; apps/mobile/src/features; apps/mobile/src/shared/api,canonical mobile API client and prior staging API evidence,loading/empty/error/offline/permission/validation matrix recorded,mobile Jest focused route/API tests; Phase 9 validator,source/internal runtime evidence; current-source Android device runtime external,docs/mobile/PHASE_9_MOBILE_FUNCTIONAL_COMPLETION.json,PASS_SOURCE_INTERNAL_DEVICE_RUNTIME_EXTERNAL
AUTH-011,auth/session/account mobile flows,/; /(auth)/login; /(auth)/signup; /(auth)/forgot-password; /(auth)/reset-password; /(auth)/verify-email; /auth/oauth/callback; /onboarding; /profile/account; /profile/support,apps/mobile/app; apps/mobile/src/features; apps/mobile/src/shared/api,canonical mobile API client and prior staging API evidence,loading/empty/error/offline/permission/validation matrix recorded,mobile Jest focused route/API tests; Phase 9 validator,source/internal runtime evidence; current-source Android device runtime external,docs/mobile/PHASE_9_MOBILE_FUNCTIONAL_COMPLETION.json,PASS_SOURCE_INTERNAL_DEVICE_RUNTIME_EXTERNAL
PAY-001,financial mobile client surface,/plan,apps/mobile/app; apps/mobile/src/features; apps/mobile/src/shared/api,canonical mobile API client and prior staging API evidence,loading/empty/error/offline/permission/validation matrix recorded,mobile Jest focused route/API tests; Phase 9 validator,source/internal runtime evidence; current-source Android device runtime external,docs/mobile/PHASE_9_MOBILE_FUNCTIONAL_COMPLETION.json,PASS_SOURCE_INTERNAL_DEVICE_RUNTIME_EXTERNAL
PAY-002,financial mobile client surface,/plan,apps/mobile/app; apps/mobile/src/features; apps/mobile/src/shared/api,canonical mobile API client and prior staging API evidence,loading/empty/error/offline/permission/validation matrix recorded,mobile Jest focused route/API tests; Phase 9 validator,source/internal runtime evidence; current-source Android device runtime external,docs/mobile/PHASE_9_MOBILE_FUNCTIONAL_COMPLETION.json,PASS_SOURCE_INTERNAL_DEVICE_RUNTIME_EXTERNAL
PAY-003,financial mobile client surface,/plan,apps/mobile/app; apps/mobile/src/features; apps/mobile/src/shared/api,canonical mobile API client and prior staging API evidence,loading/empty/error/offline/permission/validation matrix recorded,mobile Jest focused route/API tests; Phase 9 validator,source/internal runtime evidence; current-source Android device runtime external,docs/mobile/PHASE_9_MOBILE_FUNCTIONAL_COMPLETION.json,PASS_SOURCE_INTERNAL_DEVICE_RUNTIME_EXTERNAL
PAY-004,financial mobile client surface,/plan,apps/mobile/app; apps/mobile/src/features; apps/mobile/src/shared/api,canonical mobile API client and prior staging API evidence,loading/empty/error/offline/permission/validation matrix recorded,mobile Jest focused route/API tests; Phase 9 validator,source/internal runtime evidence; current-source Android device runtime external,docs/mobile/PHASE_9_MOBILE_FUNCTIONAL_COMPLETION.json,PASS_SOURCE_INTERNAL_DEVICE_RUNTIME_EXTERNAL
PAY-005,financial mobile client surface,/plan,apps/mobile/app; apps/mobile/src/features; apps/mobile/src/shared/api,canonical mobile API client and prior staging API evidence,loading/empty/error/offline/permission/validation matrix recorded,mobile Jest focused route/API tests; Phase 9 validator,source/internal runtime evidence; current-source Android device runtime external,docs/mobile/PHASE_9_MOBILE_FUNCTIONAL_COMPLETION.json,PASS_SOURCE_INTERNAL_DEVICE_RUNTIME_EXTERNAL
PAY-006,financial mobile client surface,/plan,apps/mobile/app; apps/mobile/src/features; apps/mobile/src/shared/api,canonical mobile API client and prior staging API evidence,loading/empty/error/offline/permission/validation matrix recorded,mobile Jest focused route/API tests; Phase 9 validator,source/internal runtime evidence; current-source Android device runtime external,docs/mobile/PHASE_9_MOBILE_FUNCTIONAL_COMPLETION.json,PASS_SOURCE_INTERNAL_DEVICE_RUNTIME_EXTERNAL
PAY-007,financial mobile client surface,/plan,apps/mobile/app; apps/mobile/src/features; apps/mobile/src/shared/api,canonical mobile API client and prior staging API evidence,loading/empty/error/offline/permission/validation matrix recorded,mobile Jest focused route/API tests; Phase 9 validator,source/internal runtime evidence; current-source Android device runtime external,docs/mobile/PHASE_9_MOBILE_FUNCTIONAL_COMPLETION.json,PASS_SOURCE_INTERNAL_DEVICE_RUNTIME_EXTERNAL
PAY-008,financial mobile client surface,/plan,apps/mobile/app; apps/mobile/src/features; apps/mobile/src/shared/api,canonical mobile API client and prior staging API evidence,loading/empty/error/offline/permission/validation matrix recorded,mobile Jest focused route/API tests; Phase 9 validator,source/internal runtime evidence; current-source Android device runtime external,docs/mobile/PHASE_9_MOBILE_FUNCTIONAL_COMPLETION.json,PASS_SOURCE_INTERNAL_DEVICE_RUNTIME_EXTERNAL
PAY-009,financial mobile client surface,/plan,apps/mobile/app; apps/mobile/src/features; apps/mobile/src/shared/api,canonical mobile API client and prior staging API evidence,loading/empty/error/offline/permission/validation matrix recorded,mobile Jest focused route/API tests; Phase 9 validator,source/internal runtime evidence; current-source Android device runtime external,docs/mobile/PHASE_9_MOBILE_FUNCTIONAL_COMPLETION.json,PASS_SOURCE_INTERNAL_DEVICE_RUNTIME_EXTERNAL
PAY-010,financial mobile client surface,/plan,apps/mobile/app; apps/mobile/src/features; apps/mobile/src/shared/api,canonical mobile API client and prior staging API evidence,loading/empty/error/offline/permission/validation matrix recorded,mobile Jest focused route/API tests; Phase 9 validator,source/internal runtime evidence; current-source Android device runtime external,docs/mobile/PHASE_9_MOBILE_FUNCTIONAL_COMPLETION.json,PASS_SOURCE_INTERNAL_DEVICE_RUNTIME_EXTERNAL
PAY-011,financial mobile client surface,/plan,apps/mobile/app; apps/mobile/src/features; apps/mobile/src/shared/api,canonical mobile API client and prior staging API evidence,loading/empty/error/offline/permission/validation matrix recorded,mobile Jest focused route/API tests; Phase 9 validator,source/internal runtime evidence; current-source Android device runtime external,docs/mobile/PHASE_9_MOBILE_FUNCTIONAL_COMPLETION.json,PASS_SOURCE_INTERNAL_DEVICE_RUNTIME_EXTERNAL
PAY-012,financial mobile client surface,/plan,apps/mobile/app; apps/mobile/src/features; apps/mobile/src/shared/api,canonical mobile API client and prior staging API evidence,loading/empty/error/offline/permission/validation matrix recorded,mobile Jest focused route/API tests; Phase 9 validator,source/internal runtime evidence; current-source Android device runtime external,docs/mobile/PHASE_9_MOBILE_FUNCTIONAL_COMPLETION.json,PASS_SOURCE_INTERNAL_DEVICE_RUNTIME_EXTERNAL
HOME-001,financial mobile client surface,/salary,apps/mobile/app; apps/mobile/src/features; apps/mobile/src/shared/api,canonical mobile API client and prior staging API evidence,loading/empty/error/offline/permission/validation matrix recorded,mobile Jest focused route/API tests; Phase 9 validator,source/internal runtime evidence; current-source Android device runtime external,docs/mobile/PHASE_9_MOBILE_FUNCTIONAL_COMPLETION.json,PASS_SOURCE_INTERNAL_DEVICE_RUNTIME_EXTERNAL
HOME-002,financial mobile client surface,/salary,apps/mobile/app; apps/mobile/src/features; apps/mobile/src/shared/api,canonical mobile API client and prior staging API evidence,loading/empty/error/offline/permission/validation matrix recorded,mobile Jest focused route/API tests; Phase 9 validator,source/internal runtime evidence; current-source Android device runtime external,docs/mobile/PHASE_9_MOBILE_FUNCTIONAL_COMPLETION.json,PASS_SOURCE_INTERNAL_DEVICE_RUNTIME_EXTERNAL
HOME-003,financial mobile client surface,/salary,apps/mobile/app; apps/mobile/src/features; apps/mobile/src/shared/api,canonical mobile API client and prior staging API evidence,loading/empty/error/offline/permission/validation matrix recorded,mobile Jest focused route/API tests; Phase 9 validator,source/internal runtime evidence; current-source Android device runtime external,docs/mobile/PHASE_9_MOBILE_FUNCTIONAL_COMPLETION.json,PASS_SOURCE_INTERNAL_DEVICE_RUNTIME_EXTERNAL
HOME-004,financial mobile client surface,/salary,apps/mobile/app; apps/mobile/src/features; apps/mobile/src/shared/api,canonical mobile API client and prior staging API evidence,loading/empty/error/offline/permission/validation matrix recorded,mobile Jest focused route/API tests; Phase 9 validator,source/internal runtime evidence; current-source Android device runtime external,docs/mobile/PHASE_9_MOBILE_FUNCTIONAL_COMPLETION.json,PASS_SOURCE_INTERNAL_DEVICE_RUNTIME_EXTERNAL
HOME-005,financial mobile client surface,/salary,apps/mobile/app; apps/mobile/src/features; apps/mobile/src/shared/api,canonical mobile API client and prior staging API evidence,loading/empty/error/offline/permission/validation matrix recorded,mobile Jest focused route/API tests; Phase 9 validator,source/internal runtime evidence; current-source Android device runtime external,docs/mobile/PHASE_9_MOBILE_FUNCTIONAL_COMPLETION.json,PASS_SOURCE_INTERNAL_DEVICE_RUNTIME_EXTERNAL
HOME-006,financial mobile client surface,/salary,apps/mobile/app; apps/mobile/src/features; apps/mobile/src/shared/api,canonical mobile API client and prior staging API evidence,loading/empty/error/offline/permission/validation matrix recorded,mobile Jest focused route/API tests; Phase 9 validator,source/internal runtime evidence; current-source Android device runtime external,docs/mobile/PHASE_9_MOBILE_FUNCTIONAL_COMPLETION.json,PASS_SOURCE_INTERNAL_DEVICE_RUNTIME_EXTERNAL
BUD-001,financial mobile client surface,/plan,apps/mobile/app; apps/mobile/src/features; apps/mobile/src/shared/api,canonical mobile API client and prior staging API evidence,loading/empty/error/offline/permission/validation matrix recorded,mobile Jest focused route/API tests; Phase 9 validator,source/internal runtime evidence; current-source Android device runtime external,docs/mobile/PHASE_9_MOBILE_FUNCTIONAL_COMPLETION.json,PASS_SOURCE_INTERNAL_DEVICE_RUNTIME_EXTERNAL
BUD-002,financial mobile client surface,/plan,apps/mobile/app; apps/mobile/src/features; apps/mobile/src/shared/api,canonical mobile API client and prior staging API evidence,loading/empty/error/offline/permission/validation matrix recorded,mobile Jest focused route/API tests; Phase 9 validator,source/internal runtime evidence; current-source Android device runtime external,docs/mobile/PHASE_9_MOBILE_FUNCTIONAL_COMPLETION.json,PASS_SOURCE_INTERNAL_DEVICE_RUNTIME_EXTERNAL
BUD-003,financial mobile client surface,/plan,apps/mobile/app; apps/mobile/src/features; apps/mobile/src/shared/api,canonical mobile API client and prior staging API evidence,loading/empty/error/offline/permission/validation matrix recorded,mobile Jest focused route/API tests; Phase 9 validator,source/internal runtime evidence; current-source Android device runtime external,docs/mobile/PHASE_9_MOBILE_FUNCTIONAL_COMPLETION.json,PASS_SOURCE_INTERNAL_DEVICE_RUNTIME_EXTERNAL
BUD-004,financial mobile client surface,/plan,apps/mobile/app; apps/mobile/src/features; apps/mobile/src/shared/api,canonical mobile API client and prior staging API evidence,loading/empty/error/offline/permission/validation matrix recorded,mobile Jest focused route/API tests; Phase 9 validator,source/internal runtime evidence; current-source Android device runtime external,docs/mobile/PHASE_9_MOBILE_FUNCTIONAL_COMPLETION.json,PASS_SOURCE_INTERNAL_DEVICE_RUNTIME_EXTERNAL
BUD-005,financial mobile client surface,/plan,apps/mobile/app; apps/mobile/src/features; apps/mobile/src/shared/api,canonical mobile API client and prior staging API evidence,loading/empty/error/offline/permission/validation matrix recorded,mobile Jest focused route/API tests; Phase 9 validator,source/internal runtime evidence; current-source Android device runtime external,docs/mobile/PHASE_9_MOBILE_FUNCTIONAL_COMPLETION.json,PASS_SOURCE_INTERNAL_DEVICE_RUNTIME_EXTERNAL
BUD-006,financial mobile client surface,/plan,apps/mobile/app; apps/mobile/src/features; apps/mobile/src/shared/api,canonical mobile API client and prior staging API evidence,loading/empty/error/offline/permission/validation matrix recorded,mobile Jest focused route/API tests; Phase 9 validator,source/internal runtime evidence; current-source Android device runtime external,docs/mobile/PHASE_9_MOBILE_FUNCTIONAL_COMPLETION.json,PASS_SOURCE_INTERNAL_DEVICE_RUNTIME_EXTERNAL
BUD-007,financial mobile client surface,/plan,apps/mobile/app; apps/mobile/src/features; apps/mobile/src/shared/api,canonical mobile API client and prior staging API evidence,loading/empty/error/offline/permission/validation matrix recorded,mobile Jest focused route/API tests; Phase 9 validator,source/internal runtime evidence; current-source Android device runtime external,docs/mobile/PHASE_9_MOBILE_FUNCTIONAL_COMPLETION.json,PASS_SOURCE_INTERNAL_DEVICE_RUNTIME_EXTERNAL
BUD-008,financial mobile client surface,/plan,apps/mobile/app; apps/mobile/src/features; apps/mobile/src/shared/api,canonical mobile API client and prior staging API evidence,loading/empty/error/offline/permission/validation matrix recorded,mobile Jest focused route/API tests; Phase 9 validator,source/internal runtime evidence; current-source Android device runtime external,docs/mobile/PHASE_9_MOBILE_FUNCTIONAL_COMPLETION.json,PASS_SOURCE_INTERNAL_DEVICE_RUNTIME_EXTERNAL
BUD-009,financial mobile client surface,/plan,apps/mobile/app; apps/mobile/src/features; apps/mobile/src/shared/api,canonical mobile API client and prior staging API evidence,loading/empty/error/offline/permission/validation matrix recorded,mobile Jest focused route/API tests; Phase 9 validator,source/internal runtime evidence; current-source Android device runtime external,docs/mobile/PHASE_9_MOBILE_FUNCTIONAL_COMPLETION.json,PASS_SOURCE_INTERNAL_DEVICE_RUNTIME_EXTERNAL
BUD-010,financial mobile client surface,/plan,apps/mobile/app; apps/mobile/src/features; apps/mobile/src/shared/api,canonical mobile API client and prior staging API evidence,loading/empty/error/offline/permission/validation matrix recorded,mobile Jest focused route/API tests; Phase 9 validator,source/internal runtime evidence; current-source Android device runtime external,docs/mobile/PHASE_9_MOBILE_FUNCTIONAL_COMPLETION.json,PASS_SOURCE_INTERNAL_DEVICE_RUNTIME_EXTERNAL
EXP-001,financial mobile client surface,/plan,apps/mobile/app; apps/mobile/src/features; apps/mobile/src/shared/api,canonical mobile API client and prior staging API evidence,loading/empty/error/offline/permission/validation matrix recorded,mobile Jest focused route/API tests; Phase 9 validator,source/internal runtime evidence; current-source Android device runtime external,docs/mobile/PHASE_9_MOBILE_FUNCTIONAL_COMPLETION.json,PASS_SOURCE_INTERNAL_DEVICE_RUNTIME_EXTERNAL
EXP-002,financial mobile client surface,/plan,apps/mobile/app; apps/mobile/src/features; apps/mobile/src/shared/api,canonical mobile API client and prior staging API evidence,loading/empty/error/offline/permission/validation matrix recorded,mobile Jest focused route/API tests; Phase 9 validator,source/internal runtime evidence; current-source Android device runtime external,docs/mobile/PHASE_9_MOBILE_FUNCTIONAL_COMPLETION.json,PASS_SOURCE_INTERNAL_DEVICE_RUNTIME_EXTERNAL
EXP-003,financial mobile client surface,/plan,apps/mobile/app; apps/mobile/src/features; apps/mobile/src/shared/api,canonical mobile API client and prior staging API evidence,loading/empty/error/offline/permission/validation matrix recorded,mobile Jest focused route/API tests; Phase 9 validator,source/internal runtime evidence; current-source Android device runtime external,docs/mobile/PHASE_9_MOBILE_FUNCTIONAL_COMPLETION.json,PASS_SOURCE_INTERNAL_DEVICE_RUNTIME_EXTERNAL
EXP-004,financial mobile client surface,/plan,apps/mobile/app; apps/mobile/src/features; apps/mobile/src/shared/api,canonical mobile API client and prior staging API evidence,loading/empty/error/offline/permission/validation matrix recorded,mobile Jest focused route/API tests; Phase 9 validator,source/internal runtime evidence; current-source Android device runtime external,docs/mobile/PHASE_9_MOBILE_FUNCTIONAL_COMPLETION.json,PASS_SOURCE_INTERNAL_DEVICE_RUNTIME_EXTERNAL
EXP-005,financial mobile client surface,/plan,apps/mobile/app; apps/mobile/src/features; apps/mobile/src/shared/api,canonical mobile API client and prior staging API evidence,loading/empty/error/offline/permission/validation matrix recorded,mobile Jest focused route/API tests; Phase 9 validator,source/internal runtime evidence; current-source Android device runtime external,docs/mobile/PHASE_9_MOBILE_FUNCTIONAL_COMPLETION.json,PASS_SOURCE_INTERNAL_DEVICE_RUNTIME_EXTERNAL
EXP-006,financial mobile client surface,/plan,apps/mobile/app; apps/mobile/src/features; apps/mobile/src/shared/api,canonical mobile API client and prior staging API evidence,loading/empty/error/offline/permission/validation matrix recorded,mobile Jest focused route/API tests; Phase 9 validator,source/internal runtime evidence; current-source Android device runtime external,docs/mobile/PHASE_9_MOBILE_FUNCTIONAL_COMPLETION.json,PASS_SOURCE_INTERNAL_DEVICE_RUNTIME_EXTERNAL
EXP-007,financial mobile client surface,/plan,apps/mobile/app; apps/mobile/src/features; apps/mobile/src/shared/api,canonical mobile API client and prior staging API evidence,loading/empty/error/offline/permission/validation matrix recorded,mobile Jest focused route/API tests; Phase 9 validator,source/internal runtime evidence; current-source Android device runtime external,docs/mobile/PHASE_9_MOBILE_FUNCTIONAL_COMPLETION.json,PASS_SOURCE_INTERNAL_DEVICE_RUNTIME_EXTERNAL
EXP-008,financial mobile client surface,/plan,apps/mobile/app; apps/mobile/src/features; apps/mobile/src/shared/api,canonical mobile API client and prior staging API evidence,loading/empty/error/offline/permission/validation matrix recorded,mobile Jest focused route/API tests; Phase 9 validator,source/internal runtime evidence; current-source Android device runtime external,docs/mobile/PHASE_9_MOBILE_FUNCTIONAL_COMPLETION.json,PASS_SOURCE_INTERNAL_DEVICE_RUNTIME_EXTERNAL
EXP-009,financial mobile client surface,/plan,apps/mobile/app; apps/mobile/src/features; apps/mobile/src/shared/api,canonical mobile API client and prior staging API evidence,loading/empty/error/offline/permission/validation matrix recorded,mobile Jest focused route/API tests; Phase 9 validator,source/internal runtime evidence; current-source Android device runtime external,docs/mobile/PHASE_9_MOBILE_FUNCTIONAL_COMPLETION.json,PASS_SOURCE_INTERNAL_DEVICE_RUNTIME_EXTERNAL
EXP-010,financial mobile client surface,/plan,apps/mobile/app; apps/mobile/src/features; apps/mobile/src/shared/api,canonical mobile API client and prior staging API evidence,loading/empty/error/offline/permission/validation matrix recorded,mobile Jest focused route/API tests; Phase 9 validator,source/internal runtime evidence; current-source Android device runtime external,docs/mobile/PHASE_9_MOBILE_FUNCTIONAL_COMPLETION.json,PASS_SOURCE_INTERNAL_DEVICE_RUNTIME_EXTERNAL
EXP-011,financial mobile client surface,/plan,apps/mobile/app; apps/mobile/src/features; apps/mobile/src/shared/api,canonical mobile API client and prior staging API evidence,loading/empty/error/offline/permission/validation matrix recorded,mobile Jest focused route/API tests; Phase 9 validator,source/internal runtime evidence; current-source Android device runtime external,docs/mobile/PHASE_9_MOBILE_FUNCTIONAL_COMPLETION.json,PASS_SOURCE_INTERNAL_DEVICE_RUNTIME_EXTERNAL
EXP-012,financial mobile client surface,/plan,apps/mobile/app; apps/mobile/src/features; apps/mobile/src/shared/api,canonical mobile API client and prior staging API evidence,loading/empty/error/offline/permission/validation matrix recorded,mobile Jest focused route/API tests; Phase 9 validator,source/internal runtime evidence; current-source Android device runtime external,docs/mobile/PHASE_9_MOBILE_FUNCTIONAL_COMPLETION.json,PASS_SOURCE_INTERNAL_DEVICE_RUNTIME_EXTERNAL
SAV-001,financial mobile client surface,/plan,apps/mobile/app; apps/mobile/src/features; apps/mobile/src/shared/api,canonical mobile API client and prior staging API evidence,loading/empty/error/offline/permission/validation matrix recorded,mobile Jest focused route/API tests; Phase 9 validator,source/internal runtime evidence; current-source Android device runtime external,docs/mobile/PHASE_9_MOBILE_FUNCTIONAL_COMPLETION.json,PASS_SOURCE_INTERNAL_DEVICE_RUNTIME_EXTERNAL
SAV-002,financial mobile client surface,/plan,apps/mobile/app; apps/mobile/src/features; apps/mobile/src/shared/api,canonical mobile API client and prior staging API evidence,loading/empty/error/offline/permission/validation matrix recorded,mobile Jest focused route/API tests; Phase 9 validator,source/internal runtime evidence; current-source Android device runtime external,docs/mobile/PHASE_9_MOBILE_FUNCTIONAL_COMPLETION.json,PASS_SOURCE_INTERNAL_DEVICE_RUNTIME_EXTERNAL
SAV-003,financial mobile client surface,/plan,apps/mobile/app; apps/mobile/src/features; apps/mobile/src/shared/api,canonical mobile API client and prior staging API evidence,loading/empty/error/offline/permission/validation matrix recorded,mobile Jest focused route/API tests; Phase 9 validator,source/internal runtime evidence; current-source Android device runtime external,docs/mobile/PHASE_9_MOBILE_FUNCTIONAL_COMPLETION.json,PASS_SOURCE_INTERNAL_DEVICE_RUNTIME_EXTERNAL
SAV-004,financial mobile client surface,/plan,apps/mobile/app; apps/mobile/src/features; apps/mobile/src/shared/api,canonical mobile API client and prior staging API evidence,loading/empty/error/offline/permission/validation matrix recorded,mobile Jest focused route/API tests; Phase 9 validator,source/internal runtime evidence; current-source Android device runtime external,docs/mobile/PHASE_9_MOBILE_FUNCTIONAL_COMPLETION.json,PASS_SOURCE_INTERNAL_DEVICE_RUNTIME_EXTERNAL
SAV-005,financial mobile client surface,/plan,apps/mobile/app; apps/mobile/src/features; apps/mobile/src/shared/api,canonical mobile API client and prior staging API evidence,loading/empty/error/offline/permission/validation matrix recorded,mobile Jest focused route/API tests; Phase 9 validator,source/internal runtime evidence; current-source Android device runtime external,docs/mobile/PHASE_9_MOBILE_FUNCTIONAL_COMPLETION.json,PASS_SOURCE_INTERNAL_DEVICE_RUNTIME_EXTERNAL
SAV-006,financial mobile client surface,/plan,apps/mobile/app; apps/mobile/src/features; apps/mobile/src/shared/api,canonical mobile API client and prior staging API evidence,loading/empty/error/offline/permission/validation matrix recorded,mobile Jest focused route/API tests; Phase 9 validator,source/internal runtime evidence; current-source Android device runtime external,docs/mobile/PHASE_9_MOBILE_FUNCTIONAL_COMPLETION.json,PASS_SOURCE_INTERNAL_DEVICE_RUNTIME_EXTERNAL
SAV-007,financial mobile client surface,/plan,apps/mobile/app; apps/mobile/src/features; apps/mobile/src/shared/api,canonical mobile API client and prior staging API evidence,loading/empty/error/offline/permission/validation matrix recorded,mobile Jest focused route/API tests; Phase 9 validator,source/internal runtime evidence; current-source Android device runtime external,docs/mobile/PHASE_9_MOBILE_FUNCTIONAL_COMPLETION.json,PASS_SOURCE_INTERNAL_DEVICE_RUNTIME_EXTERNAL
SAV-008,financial mobile client surface,/plan,apps/mobile/app; apps/mobile/src/features; apps/mobile/src/shared/api,canonical mobile API client and prior staging API evidence,loading/empty/error/offline/permission/validation matrix recorded,mobile Jest focused route/API tests; Phase 9 validator,source/internal runtime evidence; current-source Android device runtime external,docs/mobile/PHASE_9_MOBILE_FUNCTIONAL_COMPLETION.json,PASS_SOURCE_INTERNAL_DEVICE_RUNTIME_EXTERNAL
NOTI-001,notification list/preferences/device/deeplink client,/notifications; /notifications/settings; /profile/notices,apps/mobile/app; apps/mobile/src/features; apps/mobile/src/shared/api,canonical mobile API client and prior staging API evidence,loading/empty/error/offline/permission/validation matrix recorded,mobile Jest focused route/API tests; Phase 9 validator,source/internal runtime evidence; current-source Android device runtime external,docs/mobile/PHASE_9_MOBILE_FUNCTIONAL_COMPLETION.json,PASS_SOURCE_INTERNAL_DEVICE_RUNTIME_EXTERNAL
NOTI-002,notification list/preferences/device/deeplink client,/notifications; /notifications/settings; /profile/notices,apps/mobile/app; apps/mobile/src/features; apps/mobile/src/shared/api,canonical mobile API client and prior staging API evidence,loading/empty/error/offline/permission/validation matrix recorded,mobile Jest focused route/API tests; Phase 9 validator,source/internal runtime evidence; current-source Android device runtime external,docs/mobile/PHASE_9_MOBILE_FUNCTIONAL_COMPLETION.json,PASS_SOURCE_INTERNAL_DEVICE_RUNTIME_EXTERNAL
NOTI-003,notification list/preferences/device/deeplink client,/notifications; /notifications/settings; /profile/notices,apps/mobile/app; apps/mobile/src/features; apps/mobile/src/shared/api,canonical mobile API client and prior staging API evidence,loading/empty/error/offline/permission/validation matrix recorded,mobile Jest focused route/API tests; Phase 9 validator,source/internal runtime evidence; current-source Android device runtime external,docs/mobile/PHASE_9_MOBILE_FUNCTIONAL_COMPLETION.json,PASS_SOURCE_INTERNAL_DEVICE_RUNTIME_EXTERNAL
NOTI-004,notification list/preferences/device/deeplink client,/notifications; /notifications/settings; /profile/notices,apps/mobile/app; apps/mobile/src/features; apps/mobile/src/shared/api,canonical mobile API client and prior staging API evidence,loading/empty/error/offline/permission/validation matrix recorded,mobile Jest focused route/API tests; Phase 9 validator,source/internal runtime evidence; current-source Android device runtime external,docs/mobile/PHASE_9_MOBILE_FUNCTIONAL_COMPLETION.json,PASS_SOURCE_INTERNAL_DEVICE_RUNTIME_EXTERNAL
NOTI-005,notification list/preferences/device/deeplink client,/notifications; /notifications/settings; /profile/notices,apps/mobile/app; apps/mobile/src/features; apps/mobile/src/shared/api,canonical mobile API client and prior staging API evidence,loading/empty/error/offline/permission/validation matrix recorded,mobile Jest focused route/API tests; Phase 9 validator,source/internal runtime evidence; current-source Android device runtime external,docs/mobile/PHASE_9_MOBILE_FUNCTIONAL_COMPLETION.json,PASS_SOURCE_INTERNAL_DEVICE_RUNTIME_EXTERNAL
NOTI-006,notification list/preferences/device/deeplink client,/notifications; /notifications/settings; /profile/notices,apps/mobile/app; apps/mobile/src/features; apps/mobile/src/shared/api,canonical mobile API client and prior staging API evidence,loading/empty/error/offline/permission/validation matrix recorded,mobile Jest focused route/API tests; Phase 9 validator,source/internal runtime evidence; current-source Android device runtime external,docs/mobile/PHASE_9_MOBILE_FUNCTIONAL_COMPLETION.json,PASS_SOURCE_INTERNAL_DEVICE_RUNTIME_EXTERNAL
NOTI-007,notification list/preferences/device/deeplink client,/notifications; /notifications/settings; /profile/notices,apps/mobile/app; apps/mobile/src/features; apps/mobile/src/shared/api,canonical mobile API client and prior staging API evidence,loading/empty/error/offline/permission/validation matrix recorded,mobile Jest focused route/API tests; Phase 9 validator,source/internal runtime evidence; current-source Android device runtime external,docs/mobile/PHASE_9_MOBILE_FUNCTIONAL_COMPLETION.json,PASS_SOURCE_INTERNAL_DEVICE_RUNTIME_EXTERNAL
NOTI-008,notification list/preferences/device/deeplink client,/notifications; /notifications/settings; /profile/notices,apps/mobile/app; apps/mobile/src/features; apps/mobile/src/shared/api,canonical mobile API client and prior staging API evidence,loading/empty/error/offline/permission/validation matrix recorded,mobile Jest focused route/API tests; Phase 9 validator,source/internal runtime evidence; current-source Android device runtime external,docs/mobile/PHASE_9_MOBILE_FUNCTIONAL_COMPLETION.json,PASS_SOURCE_INTERNAL_DEVICE_RUNTIME_EXTERNAL
NOTI-009,notification list/preferences/device/deeplink client,/notifications; /notifications/settings; /profile/notices,apps/mobile/app; apps/mobile/src/features; apps/mobile/src/shared/api,canonical mobile API client and prior staging API evidence,loading/empty/error/offline/permission/validation matrix recorded,mobile Jest focused route/API tests; Phase 9 validator,source/internal runtime evidence; current-source Android device runtime external,docs/mobile/PHASE_9_MOBILE_FUNCTIONAL_COMPLETION.json,PASS_SOURCE_INTERNAL_DEVICE_RUNTIME_EXTERNAL
NOTI-010,notification list/preferences/device/deeplink client,/notifications; /notifications/settings; /profile/notices,apps/mobile/app; apps/mobile/src/features; apps/mobile/src/shared/api,canonical mobile API client and prior staging API evidence,loading/empty/error/offline/permission/validation matrix recorded,mobile Jest focused route/API tests; Phase 9 validator,source/internal runtime evidence; current-source Android device runtime external,docs/mobile/PHASE_9_MOBILE_FUNCTIONAL_COMPLETION.json,PASS_SOURCE_INTERNAL_DEVICE_RUNTIME_EXTERNAL
LV-001,LV UP client surface,/level; /level/reading; /level/news; /level/english; /level/health; /profile/level,apps/mobile/app; apps/mobile/src/features; apps/mobile/src/shared/api,canonical mobile API client and prior staging API evidence,loading/empty/error/offline/permission/validation matrix recorded,mobile Jest focused route/API tests; Phase 9 validator,source/internal runtime evidence; current-source Android device runtime external,docs/mobile/PHASE_9_MOBILE_FUNCTIONAL_COMPLETION.json,PASS_SOURCE_INTERNAL_DEVICE_RUNTIME_EXTERNAL
LV-002,LV UP client surface,/level; /level/reading; /level/news; /level/english; /level/health; /profile/level,apps/mobile/app; apps/mobile/src/features; apps/mobile/src/shared/api,canonical mobile API client and prior staging API evidence,loading/empty/error/offline/permission/validation matrix recorded,mobile Jest focused route/API tests; Phase 9 validator,source/internal runtime evidence; current-source Android device runtime external,docs/mobile/PHASE_9_MOBILE_FUNCTIONAL_COMPLETION.json,PASS_SOURCE_INTERNAL_DEVICE_RUNTIME_EXTERNAL
LV-003,LV UP client surface,/level; /level/reading; /level/news; /level/english; /level/health; /profile/level,apps/mobile/app; apps/mobile/src/features; apps/mobile/src/shared/api,canonical mobile API client and prior staging API evidence,loading/empty/error/offline/permission/validation matrix recorded,mobile Jest focused route/API tests; Phase 9 validator,source/internal runtime evidence; current-source Android device runtime external,docs/mobile/PHASE_9_MOBILE_FUNCTIONAL_COMPLETION.json,PASS_SOURCE_INTERNAL_DEVICE_RUNTIME_EXTERNAL
LV-004,LV UP client surface,/level; /level/reading; /level/news; /level/english; /level/health; /profile/level,apps/mobile/app; apps/mobile/src/features; apps/mobile/src/shared/api,canonical mobile API client and prior staging API evidence,loading/empty/error/offline/permission/validation matrix recorded,mobile Jest focused route/API tests; Phase 9 validator,source/internal runtime evidence; current-source Android device runtime external,docs/mobile/PHASE_9_MOBILE_FUNCTIONAL_COMPLETION.json,PASS_SOURCE_INTERNAL_DEVICE_RUNTIME_EXTERNAL
LV-005,LV UP client surface,/level; /level/reading; /level/news; /level/english; /level/health; /profile/level,apps/mobile/app; apps/mobile/src/features; apps/mobile/src/shared/api,canonical mobile API client and prior staging API evidence,loading/empty/error/offline/permission/validation matrix recorded,mobile Jest focused route/API tests; Phase 9 validator,source/internal runtime evidence; current-source Android device runtime external,docs/mobile/PHASE_9_MOBILE_FUNCTIONAL_COMPLETION.json,PASS_SOURCE_INTERNAL_DEVICE_RUNTIME_EXTERNAL
LV-006,LV UP client surface,/level; /level/reading; /level/news; /level/english; /level/health; /profile/level,apps/mobile/app; apps/mobile/src/features; apps/mobile/src/shared/api,canonical mobile API client and prior staging API evidence,loading/empty/error/offline/permission/validation matrix recorded,mobile Jest focused route/API tests; Phase 9 validator,source/internal runtime evidence; current-source Android device runtime external,docs/mobile/PHASE_9_MOBILE_FUNCTIONAL_COMPLETION.json,PASS_SOURCE_INTERNAL_DEVICE_RUNTIME_EXTERNAL
LV-007,LV UP client surface,/level; /level/reading; /level/news; /level/english; /level/health; /profile/level,apps/mobile/app; apps/mobile/src/features; apps/mobile/src/shared/api,canonical mobile API client and prior staging API evidence,loading/empty/error/offline/permission/validation matrix recorded,mobile Jest focused route/API tests; Phase 9 validator,source/internal runtime evidence; current-source Android device runtime external,docs/mobile/PHASE_9_MOBILE_FUNCTIONAL_COMPLETION.json,PASS_SOURCE_INTERNAL_DEVICE_RUNTIME_EXTERNAL
LV-008,LV UP client surface,/level; /level/reading; /level/news; /level/english; /level/health; /profile/level,apps/mobile/app; apps/mobile/src/features; apps/mobile/src/shared/api,canonical mobile API client and prior staging API evidence,loading/empty/error/offline/permission/validation matrix recorded,mobile Jest focused route/API tests; Phase 9 validator,source/internal runtime evidence; current-source Android device runtime external,docs/mobile/PHASE_9_MOBILE_FUNCTIONAL_COMPLETION.json,PASS_SOURCE_INTERNAL_DEVICE_RUNTIME_EXTERNAL
LV-009,LV UP client surface,/level; /level/reading; /level/news; /level/english; /level/health; /profile/level,apps/mobile/app; apps/mobile/src/features; apps/mobile/src/shared/api,canonical mobile API client and prior staging API evidence,loading/empty/error/offline/permission/validation matrix recorded,mobile Jest focused route/API tests; Phase 9 validator,source/internal runtime evidence; current-source Android device runtime external,docs/mobile/PHASE_9_MOBILE_FUNCTIONAL_COMPLETION.json,PASS_SOURCE_INTERNAL_DEVICE_RUNTIME_EXTERNAL
LV-010,LV UP client surface,/level; /level/reading; /level/news; /level/english; /level/health; /profile/level,apps/mobile/app; apps/mobile/src/features; apps/mobile/src/shared/api,canonical mobile API client and prior staging API evidence,loading/empty/error/offline/permission/validation matrix recorded,mobile Jest focused route/API tests; Phase 9 validator,source/internal runtime evidence; current-source Android device runtime external,docs/mobile/PHASE_9_MOBILE_FUNCTIONAL_COMPLETION.json,PASS_SOURCE_INTERNAL_DEVICE_RUNTIME_EXTERNAL
COM-001,community/write client surface,/community; /community/[postId]; /profile/community,apps/mobile/app; apps/mobile/src/features; apps/mobile/src/shared/api,canonical mobile API client and prior staging API evidence,loading/empty/error/offline/permission/validation matrix recorded,mobile Jest focused route/API tests; Phase 9 validator,source/internal runtime evidence; current-source Android device runtime external,docs/mobile/PHASE_9_MOBILE_FUNCTIONAL_COMPLETION.json,PASS_SOURCE_INTERNAL_DEVICE_RUNTIME_EXTERNAL
COM-002,community/write client surface,/community; /community/[postId]; /profile/community,apps/mobile/app; apps/mobile/src/features; apps/mobile/src/shared/api,canonical mobile API client and prior staging API evidence,loading/empty/error/offline/permission/validation matrix recorded,mobile Jest focused route/API tests; Phase 9 validator,source/internal runtime evidence; current-source Android device runtime external,docs/mobile/PHASE_9_MOBILE_FUNCTIONAL_COMPLETION.json,PASS_SOURCE_INTERNAL_DEVICE_RUNTIME_EXTERNAL
COM-003,community/write client surface,/community; /community/[postId]; /profile/community,apps/mobile/app; apps/mobile/src/features; apps/mobile/src/shared/api,canonical mobile API client and prior staging API evidence,loading/empty/error/offline/permission/validation matrix recorded,mobile Jest focused route/API tests; Phase 9 validator,source/internal runtime evidence; current-source Android device runtime external,docs/mobile/PHASE_9_MOBILE_FUNCTIONAL_COMPLETION.json,PASS_SOURCE_INTERNAL_DEVICE_RUNTIME_EXTERNAL
COM-004,community/write client surface,/community; /community/[postId]; /profile/community,apps/mobile/app; apps/mobile/src/features; apps/mobile/src/shared/api,canonical mobile API client and prior staging API evidence,loading/empty/error/offline/permission/validation matrix recorded,mobile Jest focused route/API tests; Phase 9 validator,source/internal runtime evidence; current-source Android device runtime external,docs/mobile/PHASE_9_MOBILE_FUNCTIONAL_COMPLETION.json,PASS_SOURCE_INTERNAL_DEVICE_RUNTIME_EXTERNAL
COM-005,community/write client surface,/community; /community/[postId]; /profile/community,apps/mobile/app; apps/mobile/src/features; apps/mobile/src/shared/api,canonical mobile API client and prior staging API evidence,loading/empty/error/offline/permission/validation matrix recorded,mobile Jest focused route/API tests; Phase 9 validator,source/internal runtime evidence; current-source Android device runtime external,docs/mobile/PHASE_9_MOBILE_FUNCTIONAL_COMPLETION.json,PASS_SOURCE_INTERNAL_DEVICE_RUNTIME_EXTERNAL
COM-006,community/write client surface,/community; /community/[postId]; /profile/community,apps/mobile/app; apps/mobile/src/features; apps/mobile/src/shared/api,canonical mobile API client and prior staging API evidence,loading/empty/error/offline/permission/validation matrix recorded,mobile Jest focused route/API tests; Phase 9 validator,source/internal runtime evidence; current-source Android device runtime external,docs/mobile/PHASE_9_MOBILE_FUNCTIONAL_COMPLETION.json,PASS_SOURCE_INTERNAL_DEVICE_RUNTIME_EXTERNAL
COM-007,community/write client surface,/community; /community/[postId]; /profile/community,apps/mobile/app; apps/mobile/src/features; apps/mobile/src/shared/api,canonical mobile API client and prior staging API evidence,loading/empty/error/offline/permission/validation matrix recorded,mobile Jest focused route/API tests; Phase 9 validator,source/internal runtime evidence; current-source Android device runtime external,docs/mobile/PHASE_9_MOBILE_FUNCTIONAL_COMPLETION.json,PASS_SOURCE_INTERNAL_DEVICE_RUNTIME_EXTERNAL
COM-008,community/write client surface,/community; /community/[postId]; /profile/community,apps/mobile/app; apps/mobile/src/features; apps/mobile/src/shared/api,canonical mobile API client and prior staging API evidence,loading/empty/error/offline/permission/validation matrix recorded,mobile Jest focused route/API tests; Phase 9 validator,source/internal runtime evidence; current-source Android device runtime external,docs/mobile/PHASE_9_MOBILE_FUNCTIONAL_COMPLETION.json,PASS_SOURCE_INTERNAL_DEVICE_RUNTIME_EXTERNAL
COM-009,community/write client surface,/community; /community/[postId]; /profile/community,apps/mobile/app; apps/mobile/src/features; apps/mobile/src/shared/api,canonical mobile API client and prior staging API evidence,loading/empty/error/offline/permission/validation matrix recorded,mobile Jest focused route/API tests; Phase 9 validator,source/internal runtime evidence; current-source Android device runtime external,docs/mobile/PHASE_9_MOBILE_FUNCTIONAL_COMPLETION.json,PASS_SOURCE_INTERNAL_DEVICE_RUNTIME_EXTERNAL
COM-010,community/write client surface,/community; /community/[postId]; /profile/community,apps/mobile/app; apps/mobile/src/features; apps/mobile/src/shared/api,canonical mobile API client and prior staging API evidence,loading/empty/error/offline/permission/validation matrix recorded,mobile Jest focused route/API tests; Phase 9 validator,source/internal runtime evidence; current-source Android device runtime external,docs/mobile/PHASE_9_MOBILE_FUNCTIONAL_COMPLETION.json,PASS_SOURCE_INTERNAL_DEVICE_RUNTIME_EXTERNAL
COM-011,community/write client surface,/community; /community/[postId]; /profile/community,apps/mobile/app; apps/mobile/src/features; apps/mobile/src/shared/api,canonical mobile API client and prior staging API evidence,loading/empty/error/offline/permission/validation matrix recorded,mobile Jest focused route/API tests; Phase 9 validator,source/internal runtime evidence; current-source Android device runtime external,docs/mobile/PHASE_9_MOBILE_FUNCTIONAL_COMPLETION.json,PASS_SOURCE_INTERNAL_DEVICE_RUNTIME_EXTERNAL
COM-012,community/write client surface,/community; /community/[postId]; /profile/community,apps/mobile/app; apps/mobile/src/features; apps/mobile/src/shared/api,canonical mobile API client and prior staging API evidence,loading/empty/error/offline/permission/validation matrix recorded,mobile Jest focused route/API tests; Phase 9 validator,source/internal runtime evidence; current-source Android device runtime external,docs/mobile/PHASE_9_MOBILE_FUNCTIONAL_COMPLETION.json,PASS_SOURCE_INTERNAL_DEVICE_RUNTIME_EXTERNAL
WRITE-001,community/write client surface,/community/write,apps/mobile/app; apps/mobile/src/features; apps/mobile/src/shared/api,canonical mobile API client and prior staging API evidence,loading/empty/error/offline/permission/validation matrix recorded,mobile Jest focused route/API tests; Phase 9 validator,source/internal runtime evidence; current-source Android device runtime external,docs/mobile/PHASE_9_MOBILE_FUNCTIONAL_COMPLETION.json,PASS_SOURCE_INTERNAL_DEVICE_RUNTIME_EXTERNAL
WRITE-002,community/write client surface,/community/write,apps/mobile/app; apps/mobile/src/features; apps/mobile/src/shared/api,canonical mobile API client and prior staging API evidence,loading/empty/error/offline/permission/validation matrix recorded,mobile Jest focused route/API tests; Phase 9 validator,source/internal runtime evidence; current-source Android device runtime external,docs/mobile/PHASE_9_MOBILE_FUNCTIONAL_COMPLETION.json,PASS_SOURCE_INTERNAL_DEVICE_RUNTIME_EXTERNAL
WRITE-003,community/write client surface,/community/write,apps/mobile/app; apps/mobile/src/features; apps/mobile/src/shared/api,canonical mobile API client and prior staging API evidence,loading/empty/error/offline/permission/validation matrix recorded,mobile Jest focused route/API tests; Phase 9 validator,source/internal runtime evidence; current-source Android device runtime external,docs/mobile/PHASE_9_MOBILE_FUNCTIONAL_COMPLETION.json,PASS_SOURCE_INTERNAL_DEVICE_RUNTIME_EXTERNAL
WRITE-004,community/write client surface,/community/write,apps/mobile/app; apps/mobile/src/features; apps/mobile/src/shared/api,canonical mobile API client and prior staging API evidence,loading/empty/error/offline/permission/validation matrix recorded,mobile Jest focused route/API tests; Phase 9 validator,source/internal runtime evidence; current-source Android device runtime external,docs/mobile/PHASE_9_MOBILE_FUNCTIONAL_COMPLETION.json,PASS_SOURCE_INTERNAL_DEVICE_RUNTIME_EXTERNAL
WRITE-005,community/write client surface,/community/write,apps/mobile/app; apps/mobile/src/features; apps/mobile/src/shared/api,canonical mobile API client and prior staging API evidence,loading/empty/error/offline/permission/validation matrix recorded,mobile Jest focused route/API tests; Phase 9 validator,source/internal runtime evidence; current-source Android device runtime external,docs/mobile/PHASE_9_MOBILE_FUNCTIONAL_COMPLETION.json,PASS_SOURCE_INTERNAL_DEVICE_RUNTIME_EXTERNAL
WRITE-006,community/write client surface,/community/write,apps/mobile/app; apps/mobile/src/features; apps/mobile/src/shared/api,canonical mobile API client and prior staging API evidence,loading/empty/error/offline/permission/validation matrix recorded,mobile Jest focused route/API tests; Phase 9 validator,source/internal runtime evidence; current-source Android device runtime external,docs/mobile/PHASE_9_MOBILE_FUNCTIONAL_COMPLETION.json,PASS_SOURCE_INTERNAL_DEVICE_RUNTIME_EXTERNAL
PROF-001,profile/settings/support/privacy client surface,/onboarding; /profile; /profile/settings; /profile/support; /profile/notices; /profile/level; /profile/community,apps/mobile/app; apps/mobile/src/features; apps/mobile/src/shared/api,canonical mobile API client and prior staging API evidence,loading/empty/error/offline/permission/validation matrix recorded,mobile Jest focused route/API tests; Phase 9 validator,source/internal runtime evidence; current-source Android device runtime external,docs/mobile/PHASE_9_MOBILE_FUNCTIONAL_COMPLETION.json,PASS_SOURCE_INTERNAL_DEVICE_RUNTIME_EXTERNAL
PROF-002,profile/settings/support/privacy client surface,/onboarding; /profile; /profile/settings; /profile/support; /profile/notices; /profile/level; /profile/community,apps/mobile/app; apps/mobile/src/features; apps/mobile/src/shared/api,canonical mobile API client and prior staging API evidence,loading/empty/error/offline/permission/validation matrix recorded,mobile Jest focused route/API tests; Phase 9 validator,source/internal runtime evidence; current-source Android device runtime external,docs/mobile/PHASE_9_MOBILE_FUNCTIONAL_COMPLETION.json,PASS_SOURCE_INTERNAL_DEVICE_RUNTIME_EXTERNAL
PROF-003,profile/settings/support/privacy client surface,/onboarding; /profile; /profile/settings; /profile/support; /profile/notices; /profile/level; /profile/community,apps/mobile/app; apps/mobile/src/features; apps/mobile/src/shared/api,canonical mobile API client and prior staging API evidence,loading/empty/error/offline/permission/validation matrix recorded,mobile Jest focused route/API tests; Phase 9 validator,source/internal runtime evidence; current-source Android device runtime external,docs/mobile/PHASE_9_MOBILE_FUNCTIONAL_COMPLETION.json,PASS_SOURCE_INTERNAL_DEVICE_RUNTIME_EXTERNAL
PROF-004,profile/settings/support/privacy client surface,/onboarding; /profile; /profile/settings; /profile/support; /profile/notices; /profile/level; /profile/community,apps/mobile/app; apps/mobile/src/features; apps/mobile/src/shared/api,canonical mobile API client and prior staging API evidence,loading/empty/error/offline/permission/validation matrix recorded,mobile Jest focused route/API tests; Phase 9 validator,source/internal runtime evidence; current-source Android device runtime external,docs/mobile/PHASE_9_MOBILE_FUNCTIONAL_COMPLETION.json,PASS_SOURCE_INTERNAL_DEVICE_RUNTIME_EXTERNAL
PROF-005,profile/settings/support/privacy client surface,/onboarding; /profile; /profile/settings; /profile/support; /profile/notices; /profile/level; /profile/community,apps/mobile/app; apps/mobile/src/features; apps/mobile/src/shared/api,canonical mobile API client and prior staging API evidence,loading/empty/error/offline/permission/validation matrix recorded,mobile Jest focused route/API tests; Phase 9 validator,source/internal runtime evidence; current-source Android device runtime external,docs/mobile/PHASE_9_MOBILE_FUNCTIONAL_COMPLETION.json,PASS_SOURCE_INTERNAL_DEVICE_RUNTIME_EXTERNAL
PROF-006,profile/settings/support/privacy client surface,/onboarding; /profile; /profile/settings; /profile/support; /profile/notices; /profile/level; /profile/community,apps/mobile/app; apps/mobile/src/features; apps/mobile/src/shared/api,canonical mobile API client and prior staging API evidence,loading/empty/error/offline/permission/validation matrix recorded,mobile Jest focused route/API tests; Phase 9 validator,source/internal runtime evidence; current-source Android device runtime external,docs/mobile/PHASE_9_MOBILE_FUNCTIONAL_COMPLETION.json,PASS_SOURCE_INTERNAL_DEVICE_RUNTIME_EXTERNAL
PROF-007,profile/settings/support/privacy client surface,/onboarding; /profile; /profile/settings; /profile/support; /profile/notices; /profile/level; /profile/community,apps/mobile/app; apps/mobile/src/features; apps/mobile/src/shared/api,canonical mobile API client and prior staging API evidence,loading/empty/error/offline/permission/validation matrix recorded,mobile Jest focused route/API tests; Phase 9 validator,source/internal runtime evidence; current-source Android device runtime external,docs/mobile/PHASE_9_MOBILE_FUNCTIONAL_COMPLETION.json,PASS_SOURCE_INTERNAL_DEVICE_RUNTIME_EXTERNAL
PROF-008,profile/settings/support/privacy client surface,/onboarding; /profile; /profile/settings; /profile/support; /profile/notices; /profile/level; /profile/community,apps/mobile/app; apps/mobile/src/features; apps/mobile/src/shared/api,canonical mobile API client and prior staging API evidence,loading/empty/error/offline/permission/validation matrix recorded,mobile Jest focused route/API tests; Phase 9 validator,source/internal runtime evidence; current-source Android device runtime external,docs/mobile/PHASE_9_MOBILE_FUNCTIONAL_COMPLETION.json,PASS_SOURCE_INTERNAL_DEVICE_RUNTIME_EXTERNAL
PROF-009,profile/settings/support/privacy client surface,/onboarding; /profile; /profile/settings; /profile/support; /profile/notices; /profile/level; /profile/community,apps/mobile/app; apps/mobile/src/features; apps/mobile/src/shared/api,canonical mobile API client and prior staging API evidence,loading/empty/error/offline/permission/validation matrix recorded,mobile Jest focused route/API tests; Phase 9 validator,source/internal runtime evidence; current-source Android device runtime external,docs/mobile/PHASE_9_MOBILE_FUNCTIONAL_COMPLETION.json,PASS_SOURCE_INTERNAL_DEVICE_RUNTIME_EXTERNAL
PROF-010,profile/settings/support/privacy client surface,/onboarding; /profile; /profile/settings; /profile/support; /profile/notices; /profile/level; /profile/community,apps/mobile/app; apps/mobile/src/features; apps/mobile/src/shared/api,canonical mobile API client and prior staging API evidence,loading/empty/error/offline/permission/validation matrix recorded,mobile Jest focused route/API tests; Phase 9 validator,source/internal runtime evidence; current-source Android device runtime external,docs/mobile/PHASE_9_MOBILE_FUNCTIONAL_COMPLETION.json,PASS_SOURCE_INTERNAL_DEVICE_RUNTIME_EXTERNAL
ADS-001,mobile related cross-cutting,cross-cutting mobile source,apps/mobile/app; apps/mobile/src/features; apps/mobile/src/shared/api,canonical mobile API client and prior staging API evidence,loading/empty/error/offline/permission/validation matrix recorded,mobile Jest focused route/API tests; Phase 9 validator,source/internal runtime evidence; current-source Android device runtime external,docs/mobile/PHASE_9_MOBILE_FUNCTIONAL_COMPLETION.json,PASS_SOURCE_INTERNAL_DEVICE_RUNTIME_EXTERNAL
ADS-010,mobile related cross-cutting,cross-cutting mobile source,apps/mobile/app; apps/mobile/src/features; apps/mobile/src/shared/api,canonical mobile API client and prior staging API evidence,loading/empty/error/offline/permission/validation matrix recorded,mobile Jest focused route/API tests; Phase 9 validator,source/internal runtime evidence; current-source Android device runtime external,docs/mobile/PHASE_9_MOBILE_FUNCTIONAL_COMPLETION.json,PASS_SOURCE_INTERNAL_DEVICE_RUNTIME_EXTERNAL
SEC-004,mobile security/privacy source controls,cross-cutting mobile source,apps/mobile/app; apps/mobile/src/features; apps/mobile/src/shared/api,canonical mobile API client and prior staging API evidence,loading/empty/error/offline/permission/validation matrix recorded,mobile Jest focused route/API tests; Phase 9 validator,source/internal runtime evidence; current-source Android device runtime external,docs/mobile/PHASE_9_MOBILE_FUNCTIONAL_COMPLETION.json,PASS_SOURCE_INTERNAL
SEC-011,mobile security/privacy source controls,cross-cutting mobile source,apps/mobile/app; apps/mobile/src/features; apps/mobile/src/shared/api,canonical mobile API client and prior staging API evidence,loading/empty/error/offline/permission/validation matrix recorded,mobile Jest focused route/API tests; Phase 9 validator,source/internal runtime evidence; current-source Android device runtime external,docs/mobile/PHASE_9_MOBILE_FUNCTIONAL_COMPLETION.json,PASS_SOURCE_INTERNAL
PERF-010,mobile performance instrumentation preparation,cross-cutting mobile source,apps/mobile/app; apps/mobile/src/features; apps/mobile/src/shared/api,canonical mobile API client and prior staging API evidence,loading/empty/error/offline/permission/validation matrix recorded,mobile Jest focused route/API tests; Phase 9 validator,source/internal runtime evidence; current-source Android device runtime external,docs/mobile/PHASE_9_MOBILE_FUNCTIONAL_COMPLETION.json,PREPARED_RUNTIME_MEASUREMENT_PENDING_PHASE11
PERF-011,mobile performance instrumentation preparation,cross-cutting mobile source,apps/mobile/app; apps/mobile/src/features; apps/mobile/src/shared/api,canonical mobile API client and prior staging API evidence,loading/empty/error/offline/permission/validation matrix recorded,mobile Jest focused route/API tests; Phase 9 validator,source/internal runtime evidence; current-source Android device runtime external,docs/mobile/PHASE_9_MOBILE_FUNCTIONAL_COMPLETION.json,PREPARED_RUNTIME_MEASUREMENT_PENDING_PHASE11
PERF-012,mobile performance instrumentation preparation,cross-cutting mobile source,apps/mobile/app; apps/mobile/src/features; apps/mobile/src/shared/api,canonical mobile API client and prior staging API evidence,loading/empty/error/offline/permission/validation matrix recorded,mobile Jest focused route/API tests; Phase 9 validator,source/internal runtime evidence; current-source Android device runtime external,docs/mobile/PHASE_9_MOBILE_FUNCTIONAL_COMPLETION.json,PREPARED_RUNTIME_MEASUREMENT_PENDING_PHASE11
PERF-013,mobile performance instrumentation preparation,cross-cutting mobile source,apps/mobile/app; apps/mobile/src/features; apps/mobile/src/shared/api,canonical mobile API client and prior staging API evidence,loading/empty/error/offline/permission/validation matrix recorded,mobile Jest focused route/API tests; Phase 9 validator,source/internal runtime evidence; current-source Android device runtime external,docs/mobile/PHASE_9_MOBILE_FUNCTIONAL_COMPLETION.json,PREPARED_RUNTIME_MEASUREMENT_PENDING_PHASE11
PERF-014,mobile performance instrumentation preparation,cross-cutting mobile source,apps/mobile/app; apps/mobile/src/features; apps/mobile/src/shared/api,canonical mobile API client and prior staging API evidence,loading/empty/error/offline/permission/validation matrix recorded,mobile Jest focused route/API tests; Phase 9 validator,source/internal runtime evidence; current-source Android device runtime external,docs/mobile/PHASE_9_MOBILE_FUNCTIONAL_COMPLETION.json,PREPARED_RUNTIME_MEASUREMENT_PENDING_PHASE11
OPS-010,mobile related cross-cutting,cross-cutting mobile source,apps/mobile/app; apps/mobile/src/features; apps/mobile/src/shared/api,canonical mobile API client and prior staging API evidence,loading/empty/error/offline/permission/validation matrix recorded,mobile Jest focused route/API tests; Phase 9 validator,source/internal runtime evidence; current-source Android device runtime external,docs/mobile/PHASE_9_MOBILE_FUNCTIONAL_COMPLETION.json,PARTIAL_FEATURE_FLAG_KILL_SWITCH_RUNTIME_EVIDENCE_PENDING
