SOURCE_ID,SOURCE_FAMILY,FILE_NAME,PATH,VERSION,SHA256,AUTHORITY_RANK,STATUS,NOTES
SRC-001,FUNCTION_SPEC_V2,????_???_??_??_???_v2.0_???.pdf,C:/Users/PC/Downloads/????_???_??_??_???_v2.0_???.pdf,v2.0 FINAL 2026-08-13,,1,PRESENT,Top SSOT; temporary ASCII copy used for extraction.
SRC-002,PROCESS_SPEC_V2,????_??_??_??_??_????_v2.0_???.pdf,C:/Users/PC/Downloads/????_??_??_??_??_????_v2.0_???.pdf,v2.0 FINAL 2026-08-13,,1,PRESENT,Top SSOT process document; phase gates.
SRC-003,REQUESTED_LEGACY_OR_EXACT_DOC,???? 1? ??? ?? ?? ??,UNRESOLVED_SOURCE_PATH,unknown,,2,UNRESOLVED_SOURCE_PATH,Exact requested source path not found as a canonical file during Phase 0; do not invent path.
SRC-004,REQUESTED_LEGACY_OR_EXACT_DOC,???? 2? ??? ?? ?? ??,UNRESOLVED_SOURCE_PATH,unknown,,2,UNRESOLVED_SOURCE_PATH,Exact requested source path not found as a canonical file during Phase 0; do not invent path.
SRC-005,REQUESTED_LEGACY_OR_EXACT_DOC,???? 3? ??? ?? ?? ??,UNRESOLVED_SOURCE_PATH,unknown,,2,UNRESOLVED_SOURCE_PATH,Exact requested source path not found as a canonical file during Phase 0; do not invent path.
SRC-006,REQUESTED_LEGACY_OR_EXACT_DOC,???? 4? ??? ?? ?? ??,UNRESOLVED_SOURCE_PATH,unknown,,2,UNRESOLVED_SOURCE_PATH,Exact requested source path not found as a canonical file during Phase 0; do not invent path.
SRC-007,REQUESTED_LEGACY_OR_EXACT_DOC,???? 5? ??? ?? ?? ??,UNRESOLVED_SOURCE_PATH,unknown,,2,UNRESOLVED_SOURCE_PATH,Exact requested source path not found as a canonical file during Phase 0; do not invent path.
SRC-008,REQUESTED_LEGACY_OR_EXACT_DOC,MASTER_SPEC_v3.md,UNRESOLVED_SOURCE_PATH,unknown,,2,UNRESOLVED_SOURCE_PATH,Exact requested source path not found as a canonical file during Phase 0; do not invent path.
SRC-009,REQUESTED_LEGACY_OR_EXACT_DOC,00_SCREEN_SPECIFICATION.md,UNRESOLVED_SOURCE_PATH,unknown,,2,UNRESOLVED_SOURCE_PATH,Exact requested source path not found as a canonical file during Phase 0; do not invent path.
SRC-010,REQUESTED_LEGACY_OR_EXACT_DOC,implementation-checklist.md,UNRESOLVED_SOURCE_PATH,unknown,,2,UNRESOLVED_SOURCE_PATH,Exact requested source path not found as a canonical file during Phase 0; do not invent path.
SRC-011,REQUESTED_LEGACY_OR_EXACT_DOC,repo-structure.md,UNRESOLVED_SOURCE_PATH,unknown,,2,UNRESOLVED_SOURCE_PATH,Exact requested source path not found as a canonical file during Phase 0; do not invent path.
SRC-012,REQUESTED_LEGACY_OR_EXACT_DOC,APPENDIX_A_adsense_v3_1.md,UNRESOLVED_SOURCE_PATH,unknown,,2,UNRESOLVED_SOURCE_PATH,Exact requested source path not found as a canonical file during Phase 0; do not invent path.
SRC-013,CODEX_DOCS,00_INDEX.md,docs/codex/00_INDEX.md,repo-current,E9A9637EBC38F1D5EA2739D94D17E97FC44D574E40935D27C4584243A2ABE23B,3,PRESENT,Repository source registry entry
SRC-014,CODEX_DOCS,01_PROJECT_BRIEF.md,docs/codex/01_PROJECT_BRIEF.md,repo-current,2F0929CC7F80B1F084F33D9AA508F8B37257A0E02BF66CC36C90802FC51BE607,3,PRESENT,Repository source registry entry
SRC-015,CODEX_DOCS,02_MASTER_REQUIREMENTS.md,docs/codex/02_MASTER_REQUIREMENTS.md,repo-current,EAEA371D5EDF90EE393C3CE09DCD335431B94945A9FBD87286EFA6682C2A9536,3,PRESENT,Repository source registry entry
SRC-016,CODEX_DOCS,03_ARCHITECTURE.md,docs/codex/03_ARCHITECTURE.md,repo-current,59B5C14826FB1147ACD2D96402227937477C8C740EB7A6F94E3026998C3529A9,3,PRESENT,Repository source registry entry
SRC-017,CODEX_DOCS,04_SERVER_AUTHORITY_RULES.md,docs/codex/04_SERVER_AUTHORITY_RULES.md,repo-current,5CD8BD9A341CBEEDFE25416071BC25FCD52D65E805699A540742740DF60C6210,3,PRESENT,Repository source registry entry
SRC-018,CODEX_DOCS,05_PRIVACY_ADS_SECURITY.md,docs/codex/05_PRIVACY_ADS_SECURITY.md,repo-current,EFAC66C8071047DD77C41651DF6A621E38718CC38204CF792A35E47EACD21831,3,PRESENT,Repository source registry entry
SRC-019,CODEX_DOCS,06_MOBILE_APP_CONTEXT.md,docs/codex/06_MOBILE_APP_CONTEXT.md,repo-current,9FA387025185FDDBF52E32E6F341104AF900729744C879363045BC464475E8C7,3,PRESENT,Repository source registry entry
SRC-020,CODEX_DOCS,07_API_CONTEXT.md,docs/codex/07_API_CONTEXT.md,repo-current,042187298E4269792F4365163337502CC59078020B4215B62DD257C1984FFA3D,3,PRESENT,Repository source registry entry
SRC-021,CODEX_DOCS,08_FILE_COMPLETION_LOG.md,docs/codex/08_FILE_COMPLETION_LOG.md,repo-current,AC1155E2270B02CC91DFC200D6ACBFD34FC5E950F588DF10EACAFA520CC3A86B,3,PRESENT,Repository source registry entry
SRC-022,CODEX_DOCS,09_VALIDATION_PROTOCOL.md,docs/codex/09_VALIDATION_PROTOCOL.md,repo-current,0DF4046110D9546DDBD40ED3151FEC57B149E6FE01BFBB4153E2503A16B304A1,3,PRESENT,Repository source registry entry
SRC-023,CODEX_DOCS,00_CURRENT_BASELINE_AUDIT.md,docs/codex/100-completion/00_CURRENT_BASELINE_AUDIT.md,repo-current,32F1FE06C652098F90CE4241D09EDC0B3F617F199A996AC87C79B6F69B868189,3,PRESENT,Repository source registry entry
SRC-024,CODEX_DOCS,01_SOURCE_DOCUMENT_INDEX.md,docs/codex/100-completion/01_SOURCE_DOCUMENT_INDEX.md,repo-current,19A3D6B88245B66697F6158EEE54358CC1C5E336CFA9C46A512202D3189B6E89,3,PRESENT,Repository source registry entry
SRC-025,CODEX_DOCS,02_REQUIREMENTS_TRACEABILITY_MATRIX.csv,docs/codex/100-completion/02_REQUIREMENTS_TRACEABILITY_MATRIX.csv,repo-current,3B2825D8AA25CCF33C4C0CDEE59FE18B6374B7412C18EBD5819B0B52B848699E,3,PRESENT,Repository source registry entry
SRC-026,CODEX_DOCS,03_REQUIREMENTS_TRACEABILITY_MATRIX.md,docs/codex/100-completion/03_REQUIREMENTS_TRACEABILITY_MATRIX.md,repo-current,7670051DB3F593E0091266BFA79FF98A4BA16854F58DB8FA8A331FDD3F42E149,3,PRESENT,Repository source registry entry
SRC-027,CODEX_DOCS,04_CONFLICT_DECISION_LOG.md,docs/codex/100-completion/04_CONFLICT_DECISION_LOG.md,repo-current,DCAB503C5D19DCBA060F653F160C83D2D5438A4D93E000F2F0440520E66FDAA5,3,PRESENT,Repository source registry entry
SRC-028,CODEX_DOCS,05_GAP_REGISTER.md,docs/codex/100-completion/05_GAP_REGISTER.md,repo-current,97261C174ADDF4BDB1D3523195701344CFA110CD19D596F5EA071E891154EF57,3,PRESENT,Repository source registry entry
SRC-029,CODEX_DOCS,06_IMPLEMENTATION_PLAN.md,docs/codex/100-completion/06_IMPLEMENTATION_PLAN.md,repo-current,7F88E3B8C726B86F36AE7F6DAA1322AB301536E8D28961DBA034AF67F5A08B5E,3,PRESENT,Repository source registry entry
SRC-030,CODEX_DOCS,07_DEVICE_TEST_MATRIX.md,docs/codex/100-completion/07_DEVICE_TEST_MATRIX.md,repo-current,1FD623253AA7EC243FE30D9C252A2CFB39FFE975BA2E18F9FC87091989D654B1,3,PRESENT,Repository source registry entry
SRC-031,CODEX_DOCS,08_RELEASE_GATE_MATRIX.md,docs/codex/100-completion/08_RELEASE_GATE_MATRIX.md,repo-current,BB38D85290828E1B8686851EC4A0C2EC4775DFCF2FB2465A57B9A2CE03A410B9,3,PRESENT,Repository source registry entry
SRC-032,CODEX_DOCS,09_EXTERNAL_APPROVAL_GATES.md,docs/codex/100-completion/09_EXTERNAL_APPROVAL_GATES.md,repo-current,EE5DDA18C2321DE1E16DC7717FB7A9DAEA4344311321CD0C5BDB7087FC03C403,3,PRESENT,Repository source registry entry
SRC-033,CODEX_DOCS,100_ITERATION_090_CI_RUNTIME_ASSET_CONTRACT_RECOVERY.md,docs/codex/100-completion/100_ITERATION_090_CI_RUNTIME_ASSET_CONTRACT_RECOVERY.md,repo-current,1BC759D239650E05B073F0019A0150A79D1FB8C47CBC0167B6C3326ED6BC8B09,3,PRESENT,Repository source registry entry
SRC-034,CODEX_DOCS,100_ITERATION_090_MOBILE_AUTH_CONFLICT_PORT_REVIEW.md,docs/codex/100-completion/100_ITERATION_090_MOBILE_AUTH_CONFLICT_PORT_REVIEW.md,repo-current,F818AAF75DECE0BF9B9FC98BE106DEFFF3A7D561D8A7BDD994C4729D6D252141,3,PRESENT,Repository source registry entry
SRC-035,CODEX_DOCS,101_ITERATION_091_MOBILE_ROUTER_TABS_CAPTURE_CONFLICT_PORT_REVIEW.md,docs/codex/100-completion/101_ITERATION_091_MOBILE_ROUTER_TABS_CAPTURE_CONFLICT_PORT_REVIEW.md,repo-current,A5D06A0DD400D3F6D1611308DCC30622A7F9AC9B18BA7763A7E4EE302C2F22AA,3,PRESENT,Repository source registry entry
SRC-036,CODEX_DOCS,102_ITERATION_092_MOBILE_LEVEL_CONFLICT_PORT_REVIEW.md,docs/codex/100-completion/102_ITERATION_092_MOBILE_LEVEL_CONFLICT_PORT_REVIEW.md,repo-current,C73FF7D7B644183E3737317EBD5C9D5527F581471BE8D2D9CCE83838649FA0B2,3,PRESENT,Repository source registry entry
SRC-037,CODEX_DOCS,103_ITERATION_093_MOBILE_COMMUNITY_CONFLICT_PORT_REVIEW.md,docs/codex/100-completion/103_ITERATION_093_MOBILE_COMMUNITY_CONFLICT_PORT_REVIEW.md,repo-current,316133A5481049CA6ED5A7133F5608312553F40B531457FC8E4556F2D49B4A52,3,PRESENT,Repository source registry entry
SRC-038,CODEX_DOCS,104_ITERATION_094_LATEST_SOURCE_ARM64_APK_REFRESH.md,docs/codex/100-completion/104_ITERATION_094_LATEST_SOURCE_ARM64_APK_REFRESH.md,repo-current,C43968E1CE8CB5C8053C99F0FFC634CF604B1632BDD4F8BD74BABD29CD627472,3,PRESENT,Repository source registry entry
SRC-039,CODEX_DOCS,105_ITERATION_095_CLEAN_SOURCE_AND_PHONE_BLOCKER_RECHECK.md,docs/codex/100-completion/105_ITERATION_095_CLEAN_SOURCE_AND_PHONE_BLOCKER_RECHECK.md,repo-current,008A385CC8E5F1EA409F3C1F7F15791F41C5158B08DDF7328EDAF8F082FC40A1,3,PRESENT,Repository source registry entry
SRC-040,CODEX_DOCS,106_ITERATION_096_HOME_PLAN_REGRESSION_RECHECK.md,docs/codex/100-completion/106_ITERATION_096_HOME_PLAN_REGRESSION_RECHECK.md,repo-current,2E39449C553925448A9FB375C1F0F26BA4158D143C10FE0EDD023F41834EC949,3,PRESENT,Repository source registry entry
SRC-041,CODEX_DOCS,107_ITERATION_097_STORAGE_AND_ARCHIVE_CLEANUP.md,docs/codex/100-completion/107_ITERATION_097_STORAGE_AND_ARCHIVE_CLEANUP.md,repo-current,93335373CACB4849FB6AB7B8174C5B04561C3E2240AAACFC897AF01F5EBCF15B,3,PRESENT,Repository source registry entry
SRC-042,CODEX_DOCS,108_ITERATION_098_KEYBOARD_INSET_CONTRACT.md,docs/codex/100-completion/108_ITERATION_098_KEYBOARD_INSET_CONTRACT.md,repo-current,F344140849D8F94F75107AE0FD4632D122333C9189D5D840098F169F21A32AE8,3,PRESENT,Repository source registry entry
SRC-043,CODEX_DOCS,109_ITERATION_099_PREVIEW_APK_HEAD_GATE.md,docs/codex/100-completion/109_ITERATION_099_PREVIEW_APK_HEAD_GATE.md,repo-current,3051E6B7F78ABBC936392FE7E62343463E89E8B6FE35757F22D800B8E6E4C367,3,PRESENT,Repository source registry entry
SRC-044,CODEX_DOCS,10_MERGE_CONFLICT_CLASSIFICATION.csv,docs/codex/100-completion/10_MERGE_CONFLICT_CLASSIFICATION.csv,repo-current,AD7F57502C76B04FBC7FCE20C5D3AA38B4C7F918E05F44FEAF4A6B73FCECBA00,3,PRESENT,Repository source registry entry
SRC-045,CODEX_DOCS,10_MERGE_CONFLICT_CLASSIFICATION.md,docs/codex/100-completion/10_MERGE_CONFLICT_CLASSIFICATION.md,repo-current,D22DD2F3B5097EC430C1BE1B84F8106CC41FD38ACB008154F89FD34A8851AFB8,3,PRESENT,Repository source registry entry
SRC-046,CODEX_DOCS,110_ITERATION_100_CURRENT_HEAD_APK_REFRESH.md,docs/codex/100-completion/110_ITERATION_100_CURRENT_HEAD_APK_REFRESH.md,repo-current,B45CF87382955AF44A19E3DAE4823B8019EC5A0642D7F247C57EB8FEAB54F48D,3,PRESENT,Repository source registry entry
SRC-047,CODEX_DOCS,111_ITERATION_102_STORAGE_RECLAMATION.md,docs/codex/100-completion/111_ITERATION_102_STORAGE_RECLAMATION.md,repo-current,A04223E0315650B2257CB7C2D5AD3D77FA3B77271C80ADA2BCD01E0D871B119E,3,PRESENT,Repository source registry entry
SRC-048,CODEX_DOCS,112_ITERATION_103_DATE_GATED_PLAN_REMINDERS.md,docs/codex/100-completion/112_ITERATION_103_DATE_GATED_PLAN_REMINDERS.md,repo-current,C5A08B833B44D074C85F72F33D4798A27C9FB99940F1DF3E1196E5370281C173,3,PRESENT,Repository source registry entry
SRC-049,CODEX_DOCS,113_ITERATION_104_DAILY_BUDGET_DATE_KEY.md,docs/codex/100-completion/113_ITERATION_104_DAILY_BUDGET_DATE_KEY.md,repo-current,A8ABA9459E0AA7B0A3925A41CF6C512AE196A85D04529C269AA21A9FDF0393B7,3,PRESENT,Repository source registry entry
SRC-050,CODEX_DOCS,114_ITERATION_105_REQUIREMENTS_TRACEABILITY_GENERATOR.md,docs/codex/100-completion/114_ITERATION_105_REQUIREMENTS_TRACEABILITY_GENERATOR.md,repo-current,14CAF3822F93A8D05DB0BFCAF1917CB31A7BCB3E02958646EB7FA12C1ADC5D8C,3,PRESENT,Repository source registry entry
SRC-051,CODEX_DOCS,115_ITERATION_106_DEVICE_TEST_MATRIX_GENERATOR.md,docs/codex/100-completion/115_ITERATION_106_DEVICE_TEST_MATRIX_GENERATOR.md,repo-current,1E0F38AAD3C2CA246138550D80CDBAA159FCCF483152CE8CC71CC4148A31CA44,3,PRESENT,Repository source registry entry
SRC-052,CODEX_DOCS,116_ITERATION_107_PHYSICAL_PHONE_QA_HANDOFF.md,docs/codex/100-completion/116_ITERATION_107_PHYSICAL_PHONE_QA_HANDOFF.md,repo-current,A2420B66A6CAE49C79A271A7AAED7D2F5E4DAFBCDC77C1A3E419D1AFA777B9DF,3,PRESENT,Repository source registry entry
SRC-053,CODEX_DOCS,117_ITERATION_108_DEVICE_MATRIX_PHONE_HANDOFF_LINK.md,docs/codex/100-completion/117_ITERATION_108_DEVICE_MATRIX_PHONE_HANDOFF_LINK.md,repo-current,A722DBDFD9ED9637E882ADE92FFB61A37183ECB87C9CA6DE88B202739D48C033,3,PRESENT,Repository source registry entry
SRC-054,CODEX_DOCS,118_ITERATION_109_PREVIEW_PERSISTENCE_FAILURE_GUARD.md,docs/codex/100-completion/118_ITERATION_109_PREVIEW_PERSISTENCE_FAILURE_GUARD.md,repo-current,02475678226249BBE83F8E37A2719CCA218431C5BC245419557C11E0B0780933,3,PRESENT,Repository source registry entry
SRC-055,CODEX_DOCS,119_ITERATION_110_STORAGE_CACHE_CLEANUP.md,docs/codex/100-completion/119_ITERATION_110_STORAGE_CACHE_CLEANUP.md,repo-current,86060B91B69BB1D8269927227945AD4AB75287FD87E190BB3146D2D926C17664,3,PRESENT,Repository source registry entry
SRC-056,CODEX_DOCS,11_MERGE_CONFLICT_PORT_DECISIONS.csv,docs/codex/100-completion/11_MERGE_CONFLICT_PORT_DECISIONS.csv,repo-current,E202C5C55201E3ABE879E12D4547B3D1A2AA769C6B093804C1139B7CEB05A0C4,3,PRESENT,Repository source registry entry
SRC-057,CODEX_DOCS,11_MERGE_CONFLICT_PORT_DECISIONS.md,docs/codex/100-completion/11_MERGE_CONFLICT_PORT_DECISIONS.md,repo-current,803130FE8965CA1C629B0F61A72903573C29D13614437F6B777AD9190A837148,3,PRESENT,Repository source registry entry
SRC-058,CODEX_DOCS,120_ITERATION_111_CURRENT_HEAD_APK_REFRESH.md,docs/codex/100-completion/120_ITERATION_111_CURRENT_HEAD_APK_REFRESH.md,repo-current,95810BF93C9A2D64C0B423AB522E43D221A9480DCDC9A3C9058C40E27D329D59,3,PRESENT,Repository source registry entry
SRC-059,CODEX_DOCS,121_ITERATION_112_STORAGE_DRIVE_AUDIT.md,docs/codex/100-completion/121_ITERATION_112_STORAGE_DRIVE_AUDIT.md,repo-current,F7CFFC847B92C500E2AF6AC138DA8B31455D3C8AB071667014DC40C03640FBDD,3,PRESENT,Repository source registry entry
SRC-060,CODEX_DOCS,122_ITERATION_113_VARIABLE_EXPENSE_DEDUPING.md,docs/codex/100-completion/122_ITERATION_113_VARIABLE_EXPENSE_DEDUPING.md,repo-current,EB9C2652A5315F41BA0A9BAE0B43B0E456F1E6C08A8C0297DE55B37497899D68,3,PRESENT,Repository source registry entry
SRC-061,CODEX_DOCS,123_ITERATION_114_APK_AND_DRIVE_GHOST_CLEANUP.md,docs/codex/100-completion/123_ITERATION_114_APK_AND_DRIVE_GHOST_CLEANUP.md,repo-current,C0367BC134FB6BFF1FEFBD078920051B2754DC8982184EEF2A19BB40BC8E49F3,3,PRESENT,Repository source registry entry
SRC-062,CODEX_DOCS,124_ITERATION_115_PLAN_FIXED_EXPENSE_DEDUPING.md,docs/codex/100-completion/124_ITERATION_115_PLAN_FIXED_EXPENSE_DEDUPING.md,repo-current,4020FE43F8332A3F0EDA2CA650E98D6CF7A83BB3C4AED224EB947DEA484F4379,3,PRESENT,Repository source registry entry
SRC-063,CODEX_DOCS,125_ITERATION_116_DAILY_LIVING_DEDUPING.md,docs/codex/100-completion/125_ITERATION_116_DAILY_LIVING_DEDUPING.md,repo-current,8DEFBCC940C1C0ECC3844159D40F5D029C10B558796FA3B087205D3C4339E328,3,PRESENT,Repository source registry entry
SRC-064,CODEX_DOCS,126_ITERATION_118_CURRENT_HEAD_APK_EVIDENCE_REFRESH.md,docs/codex/100-completion/126_ITERATION_118_CURRENT_HEAD_APK_EVIDENCE_REFRESH.md,repo-current,BD77F9B7BB229D01399FE3DA93EFEA237DC4CA5F5BE2BA8B3D7BFC604B5E660C,3,PRESENT,Repository source registry entry
SRC-065,CODEX_DOCS,127_ITERATION_119_PRODUCTION_ROUTE_SCREEN_ENTRYPOINTS.md,docs/codex/100-completion/127_ITERATION_119_PRODUCTION_ROUTE_SCREEN_ENTRYPOINTS.md,repo-current,7E055273F17676B671CED4BEFD0D0CB2710668E8EBD02B23753D5A1EC665FCFF,3,PRESENT,Repository source registry entry
SRC-066,CODEX_DOCS,128_ITERATION_120_CURRENT_HEAD_PHONE_APK_REFRESH.md,docs/codex/100-completion/128_ITERATION_120_CURRENT_HEAD_PHONE_APK_REFRESH.md,repo-current,4687F9D87D4828133BC6B0CE032E4254BC6821FDCB0FA54DE8C0128D7BDDEC21,3,PRESENT,Repository source registry entry
SRC-067,CODEX_DOCS,129_ITERATION_121_PRODUCT_SCREEN_COMPONENT_NAMES.md,docs/codex/100-completion/129_ITERATION_121_PRODUCT_SCREEN_COMPONENT_NAMES.md,repo-current,7A0B24BD92AC6858B65B8E5015A04E76B212664E533BA9A812FC860701DD0328,3,PRESENT,Repository source registry entry
SRC-068,CODEX_DOCS,12_ITERATION_002_STATUS.md,docs/codex/100-completion/12_ITERATION_002_STATUS.md,repo-current,D812CF80789C8D5F4F31DC01AE50791C188265C72FDB1E4BA320291B309F36D6,3,PRESENT,Repository source registry entry
SRC-069,CODEX_DOCS,130_ITERATION_122_PRODUCT_SCREEN_NAMES_APK_REFRESH.md,docs/codex/100-completion/130_ITERATION_122_PRODUCT_SCREEN_NAMES_APK_REFRESH.md,repo-current,95263A38A52DB9B4333FF0FC7678DB67277433E17FD640790FB69629CF3B8D99,3,PRESENT,Repository source registry entry
SRC-070,CODEX_DOCS,131_ITERATION_123_PAYROLL_REMINDER_STATE_BOUNDARY.md,docs/codex/100-completion/131_ITERATION_123_PAYROLL_REMINDER_STATE_BOUNDARY.md,repo-current,582F6BB9FD23A8CFF746197CBEF2576FEC32B18C80B25AE3692497E5114FB470,3,PRESENT,Repository source registry entry
SRC-071,CODEX_DOCS,132_ITERATION_124_ANDROID_BUILD_TIMEOUT_GUARD.md,docs/codex/100-completion/132_ITERATION_124_ANDROID_BUILD_TIMEOUT_GUARD.md,repo-current,726452714B5E1249A1647BDF6CA699412FD733F81A4FC425358507FFD8339C5B,3,PRESENT,Repository source registry entry
SRC-072,CODEX_DOCS,133_ITERATION_125_CURRENT_HEAD_PHONE_APK_REFRESH.md,docs/codex/100-completion/133_ITERATION_125_CURRENT_HEAD_PHONE_APK_REFRESH.md,repo-current,A9A2088836FF211377D9EE54DE2022112028D193521D5EC12071EAB07D88BC87,3,PRESENT,Repository source registry entry
SRC-073,CODEX_DOCS,134_ITERATION_126_SALARY_PLAN_DISPLAY_NAME_BOUNDARY.md,docs/codex/100-completion/134_ITERATION_126_SALARY_PLAN_DISPLAY_NAME_BOUNDARY.md,repo-current,E3E57168F8CBDC8719AF1E1CEAC9396E5D9E5A5DA7E282AEBD50E386A6378EE1,3,PRESENT,Repository source registry entry
SRC-074,CODEX_DOCS,135_ITERATION_127_DISPLAY_NAME_APK_REFRESH.md,docs/codex/100-completion/135_ITERATION_127_DISPLAY_NAME_APK_REFRESH.md,repo-current,476C1E1266A8D53BA8058527EB00E9B0C0B172108DF108557CA60BBDA9A99DBB,3,PRESENT,Repository source registry entry
SRC-075,CODEX_DOCS,136_ITERATION_128_PROFILE_COMMUNITY_DEMO_NAME_CLEANUP.md,docs/codex/100-completion/136_ITERATION_128_PROFILE_COMMUNITY_DEMO_NAME_CLEANUP.md,repo-current,0C1077093E48208B45710CBBB20262D29B0C30FC5EBE92FD751DED0121759411,3,PRESENT,Repository source registry entry
SRC-076,CODEX_DOCS,137_ITERATION_129_PROFILE_COMMUNITY_APK_REFRESH.md,docs/codex/100-completion/137_ITERATION_129_PROFILE_COMMUNITY_APK_REFRESH.md,repo-current,A4767BCEB99A8E36D19F91C646EC375131EC8770224894F6D3740C59045849B4,3,PRESENT,Repository source registry entry
SRC-077,CODEX_DOCS,138_ITERATION_130_PROFILE_EMPTY_STATS_BOUNDARY.md,docs/codex/100-completion/138_ITERATION_130_PROFILE_EMPTY_STATS_BOUNDARY.md,repo-current,53ACA728575BC3B6E5D31256B0960A65D81D792FA7E3892AD77277B9E18B6429,3,PRESENT,Repository source registry entry
SRC-078,CODEX_DOCS,139_ITERATION_131_PROFILE_EMPTY_STATS_APK_REFRESH.md,docs/codex/100-completion/139_ITERATION_131_PROFILE_EMPTY_STATS_APK_REFRESH.md,repo-current,6EC82565CBF9B9DCA94F412C4EEB6A08D1DE221A5C59B18E8F2D9D4CF6327A33,3,PRESENT,Repository source registry entry
SRC-079,CODEX_DOCS,13_ITERATION_003_STATUS.md,docs/codex/100-completion/13_ITERATION_003_STATUS.md,repo-current,4DC9ED297A9360E1B8AC1C0880F9D6693C7561BDE32E90EC7CF95BF91481CFE6,3,PRESENT,Repository source registry entry
SRC-080,CODEX_DOCS,140_ITERATION_132_SALARY_HOME_FINANCIAL_SUMMARY_BOUNDARY.md,docs/codex/100-completion/140_ITERATION_132_SALARY_HOME_FINANCIAL_SUMMARY_BOUNDARY.md,repo-current,767572F15F8FF4A10249CFD8109A5C4C51BD858E04AC2630CBD3A4510C51B655,3,PRESENT,Repository source registry entry
SRC-081,CODEX_DOCS,141_ITERATION_133_SALARY_FINANCIAL_SUMMARY_APK_REFRESH.md,docs/codex/100-completion/141_ITERATION_133_SALARY_FINANCIAL_SUMMARY_APK_REFRESH.md,repo-current,8374E4AC2F524219C1E1D4E2F820A316200FC89A43B16785E8F79EAFAAF8FE63,3,PRESENT,Repository source registry entry
SRC-082,CODEX_DOCS,142_ITERATION_134_PLAN_NOTIFICATION_RUNTIME_SAMPLE_AMOUNT_CLEANUP.md,docs/codex/100-completion/142_ITERATION_134_PLAN_NOTIFICATION_RUNTIME_SAMPLE_AMOUNT_CLEANUP.md,repo-current,BC4104DA6904033D64D1ED2358125AECF27117165B5178C30D5EB63DA3D46222,3,PRESENT,Repository source registry entry
SRC-083,CODEX_DOCS,143_ITERATION_135_PLAN_NOTIFICATION_CLEANUP_APK_REFRESH.md,docs/codex/100-completion/143_ITERATION_135_PLAN_NOTIFICATION_CLEANUP_APK_REFRESH.md,repo-current,C0EDDFD02E612CC59F53BD0979FF8FD6F81BEEC485A43AC4400643CB326068C5,3,PRESENT,Repository source registry entry
SRC-084,CODEX_DOCS,144_ITERATION_136_PROFILE_SERVER_SUMMARY_SCREEN.md,docs/codex/100-completion/144_ITERATION_136_PROFILE_SERVER_SUMMARY_SCREEN.md,repo-current,89E549DEE636C64E064A281264C609AD3FA938D4DFD20950AE6B6935B03932FF,3,PRESENT,Repository source registry entry
SRC-085,CODEX_DOCS,145_ITERATION_136_PROFILE_SERVER_SUMMARY_APK_REFRESH.md,docs/codex/100-completion/145_ITERATION_136_PROFILE_SERVER_SUMMARY_APK_REFRESH.md,repo-current,00D3771A4742D48BEB7E76CACDFAB6C254DC590D9ADEC0633457F3BB9B6F5151,3,PRESENT,Repository source registry entry
SRC-086,CODEX_DOCS,146_ITERATION_137_NATIVE_CAPTURE_ROUTE_GUARD.md,docs/codex/100-completion/146_ITERATION_137_NATIVE_CAPTURE_ROUTE_GUARD.md,repo-current,3ED8FD0EA28EE9C8687914EE4771C3AD69C4F93D4822CEF372A5E9D4F35D68F7,3,PRESENT,Repository source registry entry
SRC-087,CODEX_DOCS,147_ITERATION_138_ROOT_CAPTURE_WEB_GUARD.md,docs/codex/100-completion/147_ITERATION_138_ROOT_CAPTURE_WEB_GUARD.md,repo-current,95C6B73603554F8EDE178F92672C0E7CC2D4F195ECA2516234481708A17310BE,3,PRESENT,Repository source registry entry
SRC-088,CODEX_DOCS,148_ITERATION_139_PHYSICAL_PHONE_QA_HANDOFF_REFRESH.md,docs/codex/100-completion/148_ITERATION_139_PHYSICAL_PHONE_QA_HANDOFF_REFRESH.md,repo-current,CDBA928B26DDC6DF2FE58F52D65F34899196AAC4DC1FE808D43BCEECA4941EA2,3,PRESENT,Repository source registry entry
SRC-089,CODEX_DOCS,149_ITERATION_140_FINAL_REPORT_APK_SYNC.md,docs/codex/100-completion/149_ITERATION_140_FINAL_REPORT_APK_SYNC.md,repo-current,5C6C8832144B52EB803821684405933BE99323A27D87E495D08F71B5F7664C65,3,PRESENT,Repository source registry entry
SRC-090,CODEX_DOCS,14_ITERATION_004_STATUS.md,docs/codex/100-completion/14_ITERATION_004_STATUS.md,repo-current,138C3CD4217E778072769C730D013C34C3B1822C961B6842111299DD42B28320,3,PRESENT,Repository source registry entry
SRC-091,CODEX_DOCS,150_ITERATION_141_FINAL_REPORT_STALE_APK_READINESS_GUARD.md,docs/codex/100-completion/150_ITERATION_141_FINAL_REPORT_STALE_APK_READINESS_GUARD.md,repo-current,FBEF8DF404728BAFE996E0411773BE52E946D1B2A3E6DC93755465A6EF137473,3,PRESENT,Repository source registry entry
SRC-092,CODEX_DOCS,151_ITERATION_142_PHYSICAL_PHONE_PROOF_APK_SHA_GUARD.md,docs/codex/100-completion/151_ITERATION_142_PHYSICAL_PHONE_PROOF_APK_SHA_GUARD.md,repo-current,9383A30FDD0B765AF2F08D2E250BB21F493E485B031625647C95E874F4D3D35E,3,PRESENT,Repository source registry entry
SRC-093,CODEX_DOCS,152_ITERATION_143_STITCH_UI_ARM64_APK.md,docs/codex/100-completion/152_ITERATION_143_STITCH_UI_ARM64_APK.md,repo-current,B2609CE7EC90DC72A2A6FEDF45ACC7913F04CB4EF661D2411BCB320CB9A6FE9D,3,PRESENT,Repository source registry entry
SRC-094,CODEX_DOCS,153_ITERATION_146_DRAFT_PR_HANDOFF.md,docs/codex/100-completion/153_ITERATION_146_DRAFT_PR_HANDOFF.md,repo-current,591508374C994C58686243E913D5E2655F99A4BA8EAC65A62E96834CE1724BCF,3,PRESENT,Repository source registry entry
SRC-095,CODEX_DOCS,154_ITERATION_147_PHYSICAL_PHONE_QA_RUNNER.md,docs/codex/100-completion/154_ITERATION_147_PHYSICAL_PHONE_QA_RUNNER.md,repo-current,2A9619D8FDC23ACB9DBAF23D57DE9C012FB9D5087D20862780F6F59E7EF8C155,3,PRESENT,Repository source registry entry
SRC-096,CODEX_DOCS,155_ITERATION_148_PHYSICAL_PHONE_PACKAGE_VERIFICATION.md,docs/codex/100-completion/155_ITERATION_148_PHYSICAL_PHONE_PACKAGE_VERIFICATION.md,repo-current,92BE7E15FFB26992FC7B0425663B74F6E012AEB0484C5E27C7542E37268AE3F6,3,PRESENT,Repository source registry entry
SRC-097,CODEX_DOCS,156_ITERATION_149_READINESS_PACKAGE_PROOF_GATE.md,docs/codex/100-completion/156_ITERATION_149_READINESS_PACKAGE_PROOF_GATE.md,repo-current,37CAD0B94B59BB6F141D7075C0BFA6ACC01BEC72757369D45001E9288BA68FCE,3,PRESENT,Repository source registry entry
SRC-098,CODEX_DOCS,157_ITERATION_150_PHYSICAL_PHONE_HANDOFF_PACKAGE_PROOF.md,docs/codex/100-completion/157_ITERATION_150_PHYSICAL_PHONE_HANDOFF_PACKAGE_PROOF.md,repo-current,A70286C15B1F7627CA7319F5A9067F69716CB2ACB2FE216B4C2AEC55D1754CBC,3,PRESENT,Repository source registry entry
SRC-099,CODEX_DOCS,158_ITERATION_151_FINAL_REPORT_HEAD_SYNC.md,docs/codex/100-completion/158_ITERATION_151_FINAL_REPORT_HEAD_SYNC.md,repo-current,4219453B246D10166DA6BA5010E32D1D06233C30A9C37906D1B1CC2A1B4FB67F,3,PRESENT,Repository source registry entry
SRC-100,CODEX_DOCS,159_ITERATION_152_STITCH_ZIP_REFERENCE_REFRESH.md,docs/codex/100-completion/159_ITERATION_152_STITCH_ZIP_REFERENCE_REFRESH.md,repo-current,36815B3A3FD7EA6EDF140101AAE9392B585D228CD3CE3ED667E0BE992E3E8931,3,PRESENT,Repository source registry entry
SRC-101,CODEX_DOCS,15_ITERATION_005_STATUS.md,docs/codex/100-completion/15_ITERATION_005_STATUS.md,repo-current,EACBF1203DC64A9E1BB67DC6AEEAFFB6D00A7DF51D7BA0EFE421FEEDE64B7178,3,PRESENT,Repository source registry entry
SRC-102,CODEX_DOCS,160_ITERATION_153_PHYSICAL_PHONE_HANDOFF_SOURCE_SYNC.md,docs/codex/100-completion/160_ITERATION_153_PHYSICAL_PHONE_HANDOFF_SOURCE_SYNC.md,repo-current,6AE176C97ED9E76B8382AE94BEB466C2ADA09382B99A3932863F2829419F0524,3,PRESENT,Repository source registry entry
SRC-103,CODEX_DOCS,16_ITERATION_006_STATUS.md,docs/codex/100-completion/16_ITERATION_006_STATUS.md,repo-current,134279E134B3274AD06D0B41A3978D468B37A129C7E35917AD9372DF65E5A179,3,PRESENT,Repository source registry entry
SRC-104,CODEX_DOCS,17_ITERATION_007_STATUS.md,docs/codex/100-completion/17_ITERATION_007_STATUS.md,repo-current,F13D03F25464BB318CD4820B9A0E5301C752D88BD1898B70D95FD2F05BD1E6DA,3,PRESENT,Repository source registry entry
SRC-105,CODEX_DOCS,18_ITERATION_008_STATUS.md,docs/codex/100-completion/18_ITERATION_008_STATUS.md,repo-current,67D94F9ACC95418DDE57FDBB1C2EF40766D0C232C014E579AB12EB582642C0D8,3,PRESENT,Repository source registry entry
SRC-106,CODEX_DOCS,19_ITERATION_009_STATUS.md,docs/codex/100-completion/19_ITERATION_009_STATUS.md,repo-current,7FB50FE08F654B7A35FFC51117AFE326091CBE8084EF86ADC46FCA58BDA6CE82,3,PRESENT,Repository source registry entry
SRC-107,CODEX_DOCS,20_ITERATION_010_STATUS.md,docs/codex/100-completion/20_ITERATION_010_STATUS.md,repo-current,55D43AD13F177D985E0B20E8F6FC0A6EEEDB8340FF69F04673318CDEA18F0AB4,3,PRESENT,Repository source registry entry
SRC-108,CODEX_DOCS,21_ITERATION_011_STATUS.md,docs/codex/100-completion/21_ITERATION_011_STATUS.md,repo-current,3F8DA72F4F302991F118F7854E5C36C07E4DBFD9AA1B7FFE3DA03105E7EC8C1D,3,PRESENT,Repository source registry entry
SRC-109,CODEX_DOCS,22_ITERATION_012_STATUS.md,docs/codex/100-completion/22_ITERATION_012_STATUS.md,repo-current,E5EE0F35371600754A63294B5DF40E827696DDC4FC8C0F7E92290E2B093A3D44,3,PRESENT,Repository source registry entry
SRC-110,CODEX_DOCS,23_ITERATION_013_STATUS.md,docs/codex/100-completion/23_ITERATION_013_STATUS.md,repo-current,378D6A58AA62CE484E314FD7B6A242518732AC723228D8BC3DBB5976156E11B9,3,PRESENT,Repository source registry entry
SRC-111,CODEX_DOCS,24_ITERATION_014_STATUS.md,docs/codex/100-completion/24_ITERATION_014_STATUS.md,repo-current,B56417FA0C0593DF40B5C4FC281DC743D7ADC2CF9A76D5526446414036D4EB1C,3,PRESENT,Repository source registry entry
SRC-112,CODEX_DOCS,25_ITERATION_015_STATUS.md,docs/codex/100-completion/25_ITERATION_015_STATUS.md,repo-current,4B82CF81E2AF5C28BAF76495D1C56E65F7AB03698C03CCE2BD65E166C5BF6C22,3,PRESENT,Repository source registry entry
SRC-113,CODEX_DOCS,26_ITERATION_016_STATUS.md,docs/codex/100-completion/26_ITERATION_016_STATUS.md,repo-current,EF4895E1C087EC679C3AEBD4F0104B0F9E91149697397FE2764D3E6F13234332,3,PRESENT,Repository source registry entry
SRC-114,CODEX_DOCS,27_ITERATION_017_STATUS.md,docs/codex/100-completion/27_ITERATION_017_STATUS.md,repo-current,152BF4FCFC4D2500BD0A6EC5FEEC1E2447DE407A87C4EFD750CF58D3C754C27E,3,PRESENT,Repository source registry entry
SRC-115,CODEX_DOCS,28_ITERATION_018_STATUS.md,docs/codex/100-completion/28_ITERATION_018_STATUS.md,repo-current,7BA074DF6C7BE1996B14A1ED211504A98A844FFC5AEB6FDEDEAB41093EAC25F3,3,PRESENT,Repository source registry entry
SRC-116,CODEX_DOCS,29_ITERATION_019_STATUS.md,docs/codex/100-completion/29_ITERATION_019_STATUS.md,repo-current,C33953E8F8F26538FC3B4A74E3A8064406DB7751EE2F9EDECDEBFA003BA986AA,3,PRESENT,Repository source registry entry
SRC-117,CODEX_DOCS,30_ITERATION_020_STATUS.md,docs/codex/100-completion/30_ITERATION_020_STATUS.md,repo-current,4F393B13341886AFF4343E6781CA10D90A5E21CF52B93B8CD6F4E0900CB3BE53,3,PRESENT,Repository source registry entry
SRC-118,CODEX_DOCS,31_ITERATION_021_STATUS.md,docs/codex/100-completion/31_ITERATION_021_STATUS.md,repo-current,F0C7C23A0AAACD0BC443D53FE183631B70CEDB901B1173F1B3CD4960158E239C,3,PRESENT,Repository source registry entry
SRC-119,CODEX_DOCS,32_ITERATION_022_STATUS.md,docs/codex/100-completion/32_ITERATION_022_STATUS.md,repo-current,93E41D2A071033F9125C414130E002A64F9E34BC67166AEF4AA105417E61487B,3,PRESENT,Repository source registry entry
SRC-120,CODEX_DOCS,33_ITERATION_023_STATUS.md,docs/codex/100-completion/33_ITERATION_023_STATUS.md,repo-current,EF41D5CC4B42E46C0339ECC0EF5B63B605726F785CDA7D0F0671DB60C0EA3F9B,3,PRESENT,Repository source registry entry
SRC-121,CODEX_DOCS,34_ITERATION_024_STATUS.md,docs/codex/100-completion/34_ITERATION_024_STATUS.md,repo-current,DE832D32D0F111D6EF766F835F984492F6DFA5C81E82292F89390B93DE19EB31,3,PRESENT,Repository source registry entry
SRC-122,CODEX_DOCS,35_ITERATION_025_STATUS.md,docs/codex/100-completion/35_ITERATION_025_STATUS.md,repo-current,0817061B7E7940E2148A9E06EFA7C80F442F42EB103BB5F48E126AB5F04021DF,3,PRESENT,Repository source registry entry
SRC-123,CODEX_DOCS,36_ITERATION_026_STATUS.md,docs/codex/100-completion/36_ITERATION_026_STATUS.md,repo-current,D099EDAC1A5780525BA00A0BB5C00CBD347528E55E2CD7AD19190B358C273988,3,PRESENT,Repository source registry entry
SRC-124,CODEX_DOCS,37_ITERATION_027_STATUS.md,docs/codex/100-completion/37_ITERATION_027_STATUS.md,repo-current,A024048F8954CA95707796D8FA52DCF88660F5A6F43F50A92B6039F3865C3CC5,3,PRESENT,Repository source registry entry
SRC-125,CODEX_DOCS,38_ITERATION_028_STATUS.md,docs/codex/100-completion/38_ITERATION_028_STATUS.md,repo-current,3EE58DB65CC1D73949A5E2FE880A8E7840220BD62F19CB99DCC8A6B061FEAA28,3,PRESENT,Repository source registry entry
SRC-126,CODEX_DOCS,39_ITERATION_029_STATUS.md,docs/codex/100-completion/39_ITERATION_029_STATUS.md,repo-current,85C9D5690E75F2B85351D9FCB53026DAD97DF668A9214A7751445B1034F59CD7,3,PRESENT,Repository source registry entry
SRC-127,CODEX_DOCS,40_ITERATION_030_STATUS.md,docs/codex/100-completion/40_ITERATION_030_STATUS.md,repo-current,117E8DF056BC0E78040821A6186FAA08E4A6C63D80E90E798B559FDEFE3AF969,3,PRESENT,Repository source registry entry
SRC-128,CODEX_DOCS,41_ITERATION_031_STATUS.md,docs/codex/100-completion/41_ITERATION_031_STATUS.md,repo-current,A04DE12BBA68E398EC7F5541C23BBE60724BA9F237A6B9A470E4E26533ABA01E,3,PRESENT,Repository source registry entry
SRC-129,CODEX_DOCS,42_ITERATION_032_STATUS.md,docs/codex/100-completion/42_ITERATION_032_STATUS.md,repo-current,D89016EFA727C5578C3AC18065BFC2D0373584EA6D7A1C5F4FD31DF4E3C75799,3,PRESENT,Repository source registry entry
SRC-130,CODEX_DOCS,43_ITERATION_033_STATUS.md,docs/codex/100-completion/43_ITERATION_033_STATUS.md,repo-current,ED676C82E2A0ADBD3F07D085596E1258A98B816595B26F3AAE85176E5AD94FBB,3,PRESENT,Repository source registry entry
SRC-131,CODEX_DOCS,44_ITERATION_034_STATUS.md,docs/codex/100-completion/44_ITERATION_034_STATUS.md,repo-current,DC5F6B58BF5FA3F421436BC8D883B1FF171D620588C601DE1AF9ABC727259D8B,3,PRESENT,Repository source registry entry
SRC-132,CODEX_DOCS,45_ITERATION_035_STATUS.md,docs/codex/100-completion/45_ITERATION_035_STATUS.md,repo-current,9F878DC0E201C641B4CB9B978FAB6B85EAC2904A664A4C3B7559971E8118C4C2,3,PRESENT,Repository source registry entry
SRC-133,CODEX_DOCS,46_ITERATION_036_STATUS.md,docs/codex/100-completion/46_ITERATION_036_STATUS.md,repo-current,E04FB751CF3834071A16094219596BF69BBEC03C11B7D2EA7AC27887867E77B5,3,PRESENT,Repository source registry entry
SRC-134,CODEX_DOCS,47_ITERATION_037_STATUS.md,docs/codex/100-completion/47_ITERATION_037_STATUS.md,repo-current,A0A6F781510FBE28EA0143633FE0477641DA48048127E0995D658053265AA8DA,3,PRESENT,Repository source registry entry
SRC-135,CODEX_DOCS,48_ITERATION_038_STATUS.md,docs/codex/100-completion/48_ITERATION_038_STATUS.md,repo-current,5E9F4A4AE718832372AC2B03DE59487DEC2AE2A9F0F51C95CF5104E55C7022AB,3,PRESENT,Repository source registry entry
SRC-136,CODEX_DOCS,49_ITERATION_039_STATUS.md,docs/codex/100-completion/49_ITERATION_039_STATUS.md,repo-current,E779E5E7D3DEE3CDC4A2D9F47A74CC60328AA8FC84E654F1D2D0CF8FD536DC9B,3,PRESENT,Repository source registry entry
SRC-137,CODEX_DOCS,50_ITERATION_040_STATUS.md,docs/codex/100-completion/50_ITERATION_040_STATUS.md,repo-current,C17355CC4DAA8BB3DC93F013A4DCF39A74BF3E19AFB7C66F3CC333F34FA81E49,3,PRESENT,Repository source registry entry
SRC-138,CODEX_DOCS,51_ITERATION_041_STATUS.md,docs/codex/100-completion/51_ITERATION_041_STATUS.md,repo-current,0E8F861B3B08F332643F1B09CB68C7EA04F6C940B8E71824F280C9ACA402AA02,3,PRESENT,Repository source registry entry
SRC-139,CODEX_DOCS,52_ITERATION_042_STORAGE_AUDIT.md,docs/codex/100-completion/52_ITERATION_042_STORAGE_AUDIT.md,repo-current,A5344EC06C052C34C096EE28F56A56724150BD4A1E467A51E80B752CAB190461,3,PRESENT,Repository source registry entry
SRC-140,CODEX_DOCS,53_ITERATION_043_SALARY_OVERDUE_REMINDER_ACCESSIBILITY.md,docs/codex/100-completion/53_ITERATION_043_SALARY_OVERDUE_REMINDER_ACCESSIBILITY.md,repo-current,D18979658F6B7092922A9325FFAB7EFE8DC16F13BE2EF84A7C02A99B0F4F77ED,3,PRESENT,Repository source registry entry
SRC-141,CODEX_DOCS,54_ITERATION_044_PLAN_SERVER_FAILURE_GUARD.md,docs/codex/100-completion/54_ITERATION_044_PLAN_SERVER_FAILURE_GUARD.md,repo-current,EA858E06D76C2374710EE98AD13DEFB3B17E201BF37C9EE790FE83533F57F275,3,PRESENT,Repository source registry entry
SRC-142,CODEX_DOCS,55_ITERATION_045_PLAN_PAYDAY_MONTH_END_GUARD.md,docs/codex/100-completion/55_ITERATION_045_PLAN_PAYDAY_MONTH_END_GUARD.md,repo-current,B4F2C8A2F337BA2046BE77EADB487F1159203F91E7EFA82A53491092700F4458,3,PRESENT,Repository source registry entry
SRC-143,CODEX_DOCS,56_ITERATION_046_SALARY_SERVER_FAILURE_GUARD.md,docs/codex/100-completion/56_ITERATION_046_SALARY_SERVER_FAILURE_GUARD.md,repo-current,AC2EED975A26EFEFD5E0EE7F773A5D65B4592241124DC7640D813D78C219D3AD,3,PRESENT,Repository source registry entry
SRC-144,CODEX_DOCS,57_ITERATION_047_D_DRIVE_TEMP_CLEANUP_GUARD.md,docs/codex/100-completion/57_ITERATION_047_D_DRIVE_TEMP_CLEANUP_GUARD.md,repo-current,1E6C02B60A55C79F4DA9E36DF4F260015B55D2C03FAED4ADFD0DA162EA0B43B6,3,PRESENT,Repository source registry entry
SRC-145,CODEX_DOCS,58_ITERATION_048_COMMUNITY_WRITE_SERVER_PERSISTENCE.md,docs/codex/100-completion/58_ITERATION_048_COMMUNITY_WRITE_SERVER_PERSISTENCE.md,repo-current,C72DF343700FCFBCA192084DF108083373FFDB2F635024443CCCC542A8512CE7,3,PRESENT,Repository source registry entry
SRC-146,CODEX_DOCS,59_ITERATION_049_MERGE_CONFLICT_ARCHIVE_CLASSIFICATION.md,docs/codex/100-completion/59_ITERATION_049_MERGE_CONFLICT_ARCHIVE_CLASSIFICATION.md,repo-current,5CF6CF2FE531EEB171A2CC9A39C59C261984436C7E387CA53294582FB7C9DB6C,3,PRESENT,Repository source registry entry
SRC-147,CODEX_DOCS,60_ITERATION_050_STORAGE_ALIAS_AUDIT.md,docs/codex/100-completion/60_ITERATION_050_STORAGE_ALIAS_AUDIT.md,repo-current,E46E07F4049A5E48649AE17A19BF84BA9ADFA5037EF14500D0A495E7AAB23952,3,PRESENT,Repository source registry entry
SRC-148,CODEX_DOCS,61_ITERATION_051_COMMUNITY_DETAIL_SERVER_BOUNDARY.md,docs/codex/100-completion/61_ITERATION_051_COMMUNITY_DETAIL_SERVER_BOUNDARY.md,repo-current,B247E71699231C9B469854C49B8CCFBC18651A1783956D72B028F2F11D4F23D1,3,PRESENT,Repository source registry entry
SRC-149,CODEX_DOCS,62_ITERATION_052_LEVEL_ROUTE_FEATURE_BOUNDARY.md,docs/codex/100-completion/62_ITERATION_052_LEVEL_ROUTE_FEATURE_BOUNDARY.md,repo-current,2822F95619B80E45D27A90E7927D3991EC333985F3171D8DF3181D68992949E7,3,PRESENT,Repository source registry entry
SRC-150,CODEX_DOCS,63_ITERATION_053_ROUTE_FALLBACK_READINESS_GATE.md,docs/codex/100-completion/63_ITERATION_053_ROUTE_FALLBACK_READINESS_GATE.md,repo-current,B7405E32BFE6D85B8ADD55412402BB0229951AEFF1E44839999D6363244AB13F,3,PRESENT,Repository source registry entry
SRC-151,CODEX_DOCS,64_ITERATION_054_STORAGE_DRIVE_RECHECK.md,docs/codex/100-completion/64_ITERATION_054_STORAGE_DRIVE_RECHECK.md,repo-current,DED099FD04E1EABD0196875B4DC4315E69E513638024BECA8DDB894BBAD821B6,3,PRESENT,Repository source registry entry
SRC-152,CODEX_DOCS,65_ITERATION_055_COMMUNITY_DETAIL_SAMPLE_FALLBACK_REMOVAL.md,docs/codex/100-completion/65_ITERATION_055_COMMUNITY_DETAIL_SAMPLE_FALLBACK_REMOVAL.md,repo-current,948E1E11B5699484EEF323E69BA2914F3687CC9180E3EBB13D9CDBCC9F2784AB,3,PRESENT,Repository source registry entry
SRC-153,CODEX_DOCS,66_ITERATION_056_ROUTE_SAMPLE_FALLBACK_READINESS_GATE.md,docs/codex/100-completion/66_ITERATION_056_ROUTE_SAMPLE_FALLBACK_READINESS_GATE.md,repo-current,128F461B191C234AEA6032DC056C62CAF2E36A70DF63F3491806BA0E08F22389,3,PRESENT,Repository source registry entry
SRC-154,CODEX_DOCS,67_ITERATION_057_FEATURE_FALLBACK_READINESS_GATE.md,docs/codex/100-completion/67_ITERATION_057_FEATURE_FALLBACK_READINESS_GATE.md,repo-current,88F64C1929E6650DC2996484D84F01FAC0B5AAB04127CC3080982607198ED88E,3,PRESENT,Repository source registry entry
SRC-155,CODEX_DOCS,68_ITERATION_058_RELEASE_READINESS_BLOCKER_CLASSIFICATION.md,docs/codex/100-completion/68_ITERATION_058_RELEASE_READINESS_BLOCKER_CLASSIFICATION.md,repo-current,DBA06A6D6A32434D2C4D4E82FC1E6046A650385031E7D19A0E74FC91E90AB562,3,PRESENT,Repository source registry entry
SRC-156,CODEX_DOCS,69_ITERATION_059_LATEST_SOURCE_APK_AND_CACHE_CLEANUP.md,docs/codex/100-completion/69_ITERATION_059_LATEST_SOURCE_APK_AND_CACHE_CLEANUP.md,repo-current,7C87605BFACE91B9F239A468B41F6DC424CD0E64F47266A40C2E32FE7C1295B6,3,PRESENT,Repository source registry entry
SRC-157,CODEX_DOCS,70_ITERATION_060_RAW_QA_DUMP_CLEANUP.md,docs/codex/100-completion/70_ITERATION_060_RAW_QA_DUMP_CLEANUP.md,repo-current,CC287D5690529C165C58C653FFE8ACBD94654F3772D790599E2AB43F65169355,3,PRESENT,Repository source registry entry
SRC-158,CODEX_DOCS,71_ITERATION_062_PLAN_ITEM_FORM_LABELS.md,docs/codex/100-completion/71_ITERATION_062_PLAN_ITEM_FORM_LABELS.md,repo-current,C6DAA06EA434EAF28ABECBB0B322A5E4ED79E2A98D1AF94F52E230780737B06A,3,PRESENT,Repository source registry entry
SRC-159,CODEX_DOCS,72_ITERATION_063_LATEST_SOURCE_APK_EVIDENCE.md,docs/codex/100-completion/72_ITERATION_063_LATEST_SOURCE_APK_EVIDENCE.md,repo-current,DC5D80F5484C819DA44F5E7CD2FB9AEAFB79C0EB12558F2F232297A17D324B12,3,PRESENT,Repository source registry entry
SRC-160,CODEX_DOCS,73_ITERATION_064_RECURRING_PLAN_REMINDER_CONTRACT.md,docs/codex/100-completion/73_ITERATION_064_RECURRING_PLAN_REMINDER_CONTRACT.md,repo-current,85347C4FAE3F294179E17504F3CA784865D467A17BF50E366D40780A97986368,3,PRESENT,Repository source registry entry
SRC-161,CODEX_DOCS,74_ITERATION_065_SERVER_RECURRENCE_MONTH_END_PROOF.md,docs/codex/100-completion/74_ITERATION_065_SERVER_RECURRENCE_MONTH_END_PROOF.md,repo-current,253DF9902D200497257A2F3ED30A7CEE2A77C0D3A256E4ACD42E3F39C72159E7,3,PRESENT,Repository source registry entry
SRC-162,CODEX_DOCS,75_ITERATION_066_DATABASE_EVIDENCE_NEXT_STEPS_SYNC.md,docs/codex/100-completion/75_ITERATION_066_DATABASE_EVIDENCE_NEXT_STEPS_SYNC.md,repo-current,A5C53650DE39BC53E4CC7EA5BE872C4D9FBFB93847C7C463D5910204BED0A095,3,PRESENT,Repository source registry entry
SRC-163,CODEX_DOCS,76_ITERATION_067_TEST_TEMP_CLEANUP.md,docs/codex/100-completion/76_ITERATION_067_TEST_TEMP_CLEANUP.md,repo-current,03F4CCDD99F8AADA1804BC0E8799312CF9027D45387BAB4B697898C2CD3B5D69,3,PRESENT,Repository source registry entry
SRC-164,CODEX_DOCS,77_ITERATION_068_SIBLING_WORKSPACE_DISK_REPORT.md,docs/codex/100-completion/77_ITERATION_068_SIBLING_WORKSPACE_DISK_REPORT.md,repo-current,CE286D376B44397E3188E6F01BE1742D92C38277D7ABB42D0BCE1B014D02F687,3,PRESENT,Repository source registry entry
SRC-165,CODEX_DOCS,78_ITERATION_069_PHONE_PROOF_TEMP_CLEANUP.md,docs/codex/100-completion/78_ITERATION_069_PHONE_PROOF_TEMP_CLEANUP.md,repo-current,38AF4EA2E84B9C5A6B67754E781E965A4D857C06066F1C7ACA3EA49E4365DC44,3,PRESENT,Repository source registry entry
SRC-166,CODEX_DOCS,79_ITERATION_070_PHYSICAL_PHONE_PROOF_STRICT_FIELDS.md,docs/codex/100-completion/79_ITERATION_070_PHYSICAL_PHONE_PROOF_STRICT_FIELDS.md,repo-current,204FCDAD800AAC751AC2277BE6A7A3E8B274DA16054B11D32CE91D047F1C7EAB,3,PRESENT,Repository source registry entry
SRC-167,CODEX_DOCS,80_ITERATION_071_PHONE_PROOF_CLI_ADB_DISCOVERY.md,docs/codex/100-completion/80_ITERATION_071_PHONE_PROOF_CLI_ADB_DISCOVERY.md,repo-current,EADF5CC630F7BC208D86637E375CEA0B4D63732F23B30428CFBE3B965DBFD60F,3,PRESENT,Repository source registry entry
SRC-168,CODEX_DOCS,81_ITERATION_072_PHONE_20_RUN_AND_TEMP_FILE_CLEANUP.md,docs/codex/100-completion/81_ITERATION_072_PHONE_20_RUN_AND_TEMP_FILE_CLEANUP.md,repo-current,EB111C481B2242AEC32F5D3E4377B13A90560C1A860391B8CF022AA08AC2FA17,3,PRESENT,Repository source registry entry
SRC-169,CODEX_DOCS,82_ITERATION_073_PHYSICAL_PHONE_BLOCKED_PROOF_REQUIREMENTS.md,docs/codex/100-completion/82_ITERATION_073_PHYSICAL_PHONE_BLOCKED_PROOF_REQUIREMENTS.md,repo-current,783C8F89718803D146F312F280CF8F67910CB6EDF358415C460F4E5617187843,3,PRESENT,Repository source registry entry
SRC-170,CODEX_DOCS,83_ITERATION_074_PREVIEW_STATE_SENSITIVE_TEXT_GUARD.md,docs/codex/100-completion/83_ITERATION_074_PREVIEW_STATE_SENSITIVE_TEXT_GUARD.md,repo-current,57664E6140DF12CC4669A555D284E5742CD16CF388D8366E0ACAA12CB6D9DE8A,3,PRESENT,Repository source registry entry
SRC-171,CODEX_DOCS,84_ITERATION_075_PREVIEW_STATE_WRITE_BOUNDARY_SENSITIVE_GUARD.md,docs/codex/100-completion/84_ITERATION_075_PREVIEW_STATE_WRITE_BOUNDARY_SENSITIVE_GUARD.md,repo-current,B20908B167D3324D21CAFAA26AABE887FE2AA15CCA512DA385FDC25582FA9393,3,PRESENT,Repository source registry entry
SRC-172,CODEX_DOCS,85_MERGE_CONFLICT_PORT_DECISION_REGISTER.csv,docs/codex/100-completion/85_MERGE_CONFLICT_PORT_DECISION_REGISTER.csv,repo-current,9EB4E650C56165DDF9A2E70ED9E0E62B6284673EA9E0DB83BE8998CB6862D7D2,3,PRESENT,Repository source registry entry
SRC-173,CODEX_DOCS,85_MERGE_CONFLICT_PORT_DECISION_REGISTER.md,docs/codex/100-completion/85_MERGE_CONFLICT_PORT_DECISION_REGISTER.md,repo-current,D70332496907D63DCBBBAA882C00C4207110290BF43515057B92AD90D555804A,3,PRESENT,Repository source registry entry
SRC-174,CODEX_DOCS,85_MERGE_CONFLICT_PORT_DECISIONS.json,docs/codex/100-completion/85_MERGE_CONFLICT_PORT_DECISIONS.json,repo-current,AB9894CBC34E7B7B7F091630A3B831029A86C0CE2AA079D7A4C14EB4F9EC0633,3,PRESENT,Repository source registry entry
SRC-175,CODEX_DOCS,86_ITERATION_076_MERGE_CONFLICT_PORT_REGISTER.md,docs/codex/100-completion/86_ITERATION_076_MERGE_CONFLICT_PORT_REGISTER.md,repo-current,4ECBE09459B05835F3E10AC09248D92656691BE6DF197BB733DA3991AF709DD7,3,PRESENT,Repository source registry entry
SRC-176,CODEX_DOCS,87_ITERATION_077_REPO_CONFIG_CONFLICT_PORT_REVIEW.md,docs/codex/100-completion/87_ITERATION_077_REPO_CONFIG_CONFLICT_PORT_REVIEW.md,repo-current,A4C5D7F3B918DB6D403BF310F4E21E827F89C28A692BA7A255CA6BC4572C02FC,3,PRESENT,Repository source registry entry
SRC-177,CODEX_DOCS,88_ITERATION_078_RELEASE_SCRIPT_CONFLICT_PORT_REVIEW.md,docs/codex/100-completion/88_ITERATION_078_RELEASE_SCRIPT_CONFLICT_PORT_REVIEW.md,repo-current,DD109CFF9922762241E84AC26A880C45AB9E5F5488A594693C5B0283B1042D78,3,PRESENT,Repository source registry entry
SRC-178,CODEX_DOCS,89_ITERATION_079_BACKEND_GROWTH_CONFLICT_PORT_REVIEW.md,docs/codex/100-completion/89_ITERATION_079_BACKEND_GROWTH_CONFLICT_PORT_REVIEW.md,repo-current,FD3A43DC03729B8B95E7EC158B6219D84BBC2C176F45E9CB1EE55B0B598A84FC,3,PRESENT,Repository source registry entry
SRC-179,CODEX_DOCS,90_ITERATION_080_ADMIN_GROWTH_CONFLICT_PORT_REVIEW.md,docs/codex/100-completion/90_ITERATION_080_ADMIN_GROWTH_CONFLICT_PORT_REVIEW.md,repo-current,6D97B63471145162E693A0123C15BDFC7FF5EAFB2DCCF6BFC013ACCB4A0EB2C1,3,PRESENT,Repository source registry entry
SRC-180,CODEX_DOCS,91_ITERATION_081_MOBILE_UPLOADS_CONFLICT_PORT_REVIEW.md,docs/codex/100-completion/91_ITERATION_081_MOBILE_UPLOADS_CONFLICT_PORT_REVIEW.md,repo-current,02A46BD43C31E4BD161838187D1368547558DD15DFD75DFF55BCCF0F098ECEA4,3,PRESENT,Repository source registry entry
SRC-181,CODEX_DOCS,92_ITERATION_082_MOBILE_ANDROID_DEBUG_BUILD_CONFLICT_PORT_REVIEW.md,docs/codex/100-completion/92_ITERATION_082_MOBILE_ANDROID_DEBUG_BUILD_CONFLICT_PORT_REVIEW.md,repo-current,11764FC186734B094A37DDD7E8F6687FC66315F6E7635F81C4C3FDF63C5CBCE1,3,PRESENT,Repository source registry entry
SRC-182,CODEX_DOCS,93_ITERATION_083_MOBILE_APP_CONFIG_CONFLICT_PORT_REVIEW.md,docs/codex/100-completion/93_ITERATION_083_MOBILE_APP_CONFIG_CONFLICT_PORT_REVIEW.md,repo-current,06C93BAE11A38106F5ABD767BF657AE8AAC24D8F79EF7019755DCC0402BD7C1E,3,PRESENT,Repository source registry entry
SRC-183,CODEX_DOCS,94_ITERATION_084_MOBILE_CLEAN_FINTECH_STYLE_CONFLICT_PORT_REVIEW.md,docs/codex/100-completion/94_ITERATION_084_MOBILE_CLEAN_FINTECH_STYLE_CONFLICT_PORT_REVIEW.md,repo-current,C49CDBC7CE1576E1160FD156B9B2BD5471FDE310DBD4AA56130708846CD062EA,3,PRESENT,Repository source registry entry
SRC-184,CODEX_DOCS,95_ITERATION_085_MOBILE_SHARED_LAYOUT_CONFLICT_PORT_REVIEW.md,docs/codex/100-completion/95_ITERATION_085_MOBILE_SHARED_LAYOUT_CONFLICT_PORT_REVIEW.md,repo-current,E97B795870BB5BF0518797D29D7EA32C339EBED2ED48265677F5DD4D9B7D7D8D,3,PRESENT,Repository source registry entry
SRC-185,CODEX_DOCS,96_ITERATION_086_MOBILE_SALARY_HOME_CONFLICT_PORT_REVIEW.md,docs/codex/100-completion/96_ITERATION_086_MOBILE_SALARY_HOME_CONFLICT_PORT_REVIEW.md,repo-current,E6F9E34F3588457B05DE3F0E7243EDAB2C003A80E6FB6849023F0130DF404528,3,PRESENT,Repository source registry entry
SRC-186,CODEX_DOCS,97_ITERATION_087_MOBILE_PROFILE_CONFLICT_PORT_REVIEW.md,docs/codex/100-completion/97_ITERATION_087_MOBILE_PROFILE_CONFLICT_PORT_REVIEW.md,repo-current,D3682B0C759597EAF2F0BF450E7D289F09BEA9CB12899F9386FEDA97E4C942D0,3,PRESENT,Repository source registry entry
SRC-187,CODEX_DOCS,98_ITERATION_088_MOBILE_PLAN_CONFLICT_PORT_REVIEW.md,docs/codex/100-completion/98_ITERATION_088_MOBILE_PLAN_CONFLICT_PORT_REVIEW.md,repo-current,DC78DCA66D573F19A883D73A6C10C711C81B7E408D7542DF2014EBDD8DB928E3,3,PRESENT,Repository source registry entry
SRC-188,CODEX_DOCS,99_ITERATION_089_MOBILE_NOTIFICATIONS_CONFLICT_PORT_REVIEW.md,docs/codex/100-completion/99_ITERATION_089_MOBILE_NOTIFICATIONS_CONFLICT_PORT_REVIEW.md,repo-current,D9C1A7D34FC98BED2F5EF8810356864A9C00A21DD44C4DB1128899D179BE1F52,3,PRESENT,Repository source registry entry
SRC-189,CODEX_DOCS,FINAL_ACCESSIBILITY_REPORT.md,docs/codex/100-completion/FINAL_ACCESSIBILITY_REPORT.md,repo-current,2D6428AEBEB8ECB914AA68176F5758F8FF37648E9FD5B4F0F5DA95C13CE043A3,3,PRESENT,Repository source registry entry
SRC-190,CODEX_DOCS,FINAL_ANDROID_DEVICE_REPORT.md,docs/codex/100-completion/FINAL_ANDROID_DEVICE_REPORT.md,repo-current,158E3E91BD805C8C56FD8B2AE6B0EE100802975A73A95670B9FF1194D28A6987,3,PRESENT,Repository source registry entry
SRC-191,CODEX_DOCS,FINAL_FUNCTIONAL_QA_REPORT.md,docs/codex/100-completion/FINAL_FUNCTIONAL_QA_REPORT.md,repo-current,569C73A83FA9CD7A24B9569E762FB820745A30563872ABE340457B80947BF367,3,PRESENT,Repository source registry entry
SRC-192,CODEX_DOCS,FINAL_IMPLEMENTATION_REPORT.md,docs/codex/100-completion/FINAL_IMPLEMENTATION_REPORT.md,repo-current,4F815372F44A139622C24B4D92C7F6DA82C1A4F827EA84839F02F053F5DE2497,3,PRESENT,Repository source registry entry
SRC-193,CODEX_DOCS,FINAL_PERFORMANCE_REPORT.md,docs/codex/100-completion/FINAL_PERFORMANCE_REPORT.md,repo-current,A894EC60957E37EAB5A79C0F03956FB31A4DCF6C66D276B793CDB6888E3C33BE,3,PRESENT,Repository source registry entry
SRC-194,CODEX_DOCS,FINAL_RELEASE_READINESS_REPORT.md,docs/codex/100-completion/FINAL_RELEASE_READINESS_REPORT.md,repo-current,06E5EC2CA9D3D20F705743EEB6583233CB1B1C2595C46926BA414FFED93A889A,3,PRESENT,Repository source registry entry
SRC-195,CODEX_DOCS,FINAL_SECURITY_PRIVACY_REPORT.md,docs/codex/100-completion/FINAL_SECURITY_PRIVACY_REPORT.md,repo-current,79F74753E83BE922A67B725D4E0D3896519D19761522C7994B6C0C5AA19E9A56,3,PRESENT,Repository source registry entry
SRC-196,CODEX_DOCS,FINAL_UI_VISUAL_REPORT.md,docs/codex/100-completion/FINAL_UI_VISUAL_REPORT.md,repo-current,89F25470EB913D0D063D77F72D0701D4275EEAE6FF2F2C46EC9B63E24E7805C1,3,PRESENT,Repository source registry entry
SRC-197,CODEX_DOCS,10_CODING_CONVENTIONS.md,docs/codex/10_CODING_CONVENTIONS.md,repo-current,AC8C6FF3D62F1E94B479448F23C460E9BE8707875D98FB9E11A886CBC86B9603,3,PRESENT,Repository source registry entry
SRC-198,CODEX_DOCS,11_PROMPT_POLICY.md,docs/codex/11_PROMPT_POLICY.md,repo-current,80B3A3A51655D719CE8D4830B68B4D4F16EBBE8488CC4AFD460EFC8EF23A286D,3,PRESENT,Repository source registry entry
SRC-199,CODEX_DOCS,12_CHATGPT_WORK_SUMMARY.md,docs/codex/12_CHATGPT_WORK_SUMMARY.md,repo-current,8F2FE2DB4F840798D46734EF8A760BED9B20A83DF15581D29758FFAE44B4E565,3,PRESENT,Repository source registry entry
SRC-200,CODEX_DOCS,13_BASELINE_VERIFICATION_MAP.md,docs/codex/13_BASELINE_VERIFICATION_MAP.md,repo-current,F46A055ABEBE7A184EFD0332BDDEACA7BEB69103B84C88C0D82161AA1FB3DF9C,3,PRESENT,Repository source registry entry
SRC-201,CODEX_DOCS,14_EXTERNAL_RELEASE_EVIDENCE.md,docs/codex/14_EXTERNAL_RELEASE_EVIDENCE.md,repo-current,589A73A0A86D398719FED186444705CA21DF70F25E88E6BD94300787930FB7CC,3,PRESENT,Repository source registry entry
SRC-202,CODEX_DOCS,15_UI_UX_REFERENCE.md,docs/codex/15_UI_UX_REFERENCE.md,repo-current,21F9F5D248616E978853A80F353BE76B8360325421BB0E9854CF22DBAE05B190,3,PRESENT,Repository source registry entry
SRC-203,CODEX_DOCS,CONVERSATION_WORK_HISTORY_2026-07-12.md,docs/codex/CONVERSATION_WORK_HISTORY_2026-07-12.md,repo-current,ABDCB9271ADA5FBB1DAA21AA3412444959E04EB43521B3A0ED79372BE5A014F1,3,PRESENT,Repository source registry entry
SRC-204,FINAL_DOCUMENTS,01_서비스_개요서_최종본.md,docs/final-documents/1. 최상위 기획 문서/01_서비스_개요서_최종본.md,repo-current,0EED761A02BE8E19CCCC2B44DC264AFEDA2CAD08D947EA0134E1EA43239297B8,3,PRESENT,Repository source registry entry
SRC-205,FINAL_DOCUMENTS,02_사업_기획서_최종본.md,docs/final-documents/1. 최상위 기획 문서/02_사업_기획서_최종본.md,repo-current,B9E4E91D4BE55EF439A8DAAE3002D0A50E9B2588D95588AD84FF36781891CDAC,3,PRESENT,Repository source registry entry
SRC-206,FINAL_DOCUMENTS,03_제품_요구사항_정의서_PRD_최종본.md,docs/final-documents/1. 최상위 기획 문서/03_제품_요구사항_정의서_PRD_최종본.md,repo-current,7648DC967BA32916A1E793E481DEB12E289467C7A48BFDC6E8FF14E91E75FEE3,3,PRESENT,Repository source registry entry
SRC-207,FINAL_DOCUMENTS,04_비즈니스_요구사항_정의서_BRD_최종본.md,docs/final-documents/1. 최상위 기획 문서/04_비즈니스_요구사항_정의서_BRD_최종본.md,repo-current,70A9357DC66C39378FE396BED0B86BD32CF870AEE46EDA4B111B9D339EF18F2A,3,PRESENT,Repository source registry entry
SRC-208,FINAL_DOCUMENTS,05_MVP_범위_정의서_최종본.md,docs/final-documents/1. 최상위 기획 문서/05_MVP_범위_정의서_최종본.md,repo-current,331686A72ECF980C530872F39281FA26A87F2CD3190449E24B9A34132757893C,3,PRESENT,Repository source registry entry
SRC-209,FINAL_DOCUMENTS,06_프로젝트_범위_명세서_최종본.md,docs/final-documents/1. 최상위 기획 문서/06_프로젝트_범위_명세서_최종본.md,repo-current,A834CDD162B738102D1E59F34FE4A4E8F9058F8A70C071723FB674FDFBAFA9D3,3,PRESENT,Repository source registry entry
SRC-210,FINAL_DOCUMENTS,07_용어_정의서_최종본.md,docs/final-documents/1. 최상위 기획 문서/07_용어_정의서_최종본.md,repo-current,40D940D8F327335AF7CF89320696F602F36E9CCCD6C5EA4FAB2A7038E92762C8,3,PRESENT,Repository source registry entry
SRC-211,FINAL_DOCUMENTS,00_운영_관리자_문서_10종_최종본_INDEX.md,docs/final-documents/10. 운영·관리자 문서/00_운영_관리자_문서_10종_최종본_INDEX.md,repo-current,2E6D8EAF548B2BF63C5E3CCEFE36F7951ED53C592C3FB7920FBE65811A84ED5D,3,PRESENT,Repository source registry entry
SRC-212,FINAL_DOCUMENTS,01_관리자_기능_기획서_최종본.md,docs/final-documents/10. 운영·관리자 문서/01_관리자_기능_기획서_최종본.md,repo-current,CB4B8F054D4D04525B6BB3A79A294FFCAB7FC3261939EC789D38703EF945391F,3,PRESENT,Repository source registry entry
SRC-213,FINAL_DOCUMENTS,02_CS_운영_매뉴얼_최종본.md,docs/final-documents/10. 운영·관리자 문서/02_CS_운영_매뉴얼_최종본.md,repo-current,7D5AFF43EC328CB56846FED3A9097C255D5A57C1BECD68DA9080F1F114D37525,3,PRESENT,Repository source registry entry
SRC-214,FINAL_DOCUMENTS,03_FAQ_문서_최종본.md,docs/final-documents/10. 운영·관리자 문서/03_FAQ_문서_최종본.md,repo-current,22B8792CFDA7AB734C6BA4F756C8BB9DB6C8F1F1A3D60CFA4F906FB6451979A6,3,PRESENT,Repository source registry entry
SRC-215,FINAL_DOCUMENTS,04_공지사항_운영_가이드_최종본.md,docs/final-documents/10. 운영·관리자 문서/04_공지사항_운영_가이드_최종본.md,repo-current,AF47004F39DD57E84D1F0BC157BD8F253B87EB101B5DE2595DA464B7A08DF6A7,3,PRESENT,Repository source registry entry
SRC-216,FINAL_DOCUMENTS,05_이벤트_운영_기획서_최종본.md,docs/final-documents/10. 운영·관리자 문서/05_이벤트_운영_기획서_최종본.md,repo-current,1F6A0771BDDB032B2E8EC7DB40442AF4969CE49FECA332AE795B84F901B07591,3,PRESENT,Repository source registry entry
SRC-217,FINAL_DOCUMENTS,06_광고_제휴_운영_문서_최종본.md,docs/final-documents/10. 운영·관리자 문서/06_광고_제휴_운영_문서_최종본.md,repo-current,9CA3929938BECCC9B9EC82A11466B2C2632E9FA27B027846BCA17F740457EE5F,3,PRESENT,Repository source registry entry
SRC-218,FINAL_DOCUMENTS,07_콘텐츠_운영_가이드_최종본.md,docs/final-documents/10. 운영·관리자 문서/07_콘텐츠_운영_가이드_최종본.md,repo-current,D83E9B115E23D4BC902A4A7FDBA011B79F6BBFF089F178BA0152E48C285C7624,3,PRESENT,Repository source registry entry
SRC-219,FINAL_DOCUMENTS,08_커뮤니티_모더레이션_가이드_최종본.md,docs/final-documents/10. 운영·관리자 문서/08_커뮤니티_모더레이션_가이드_최종본.md,repo-current,F0AA0722A2440270CA2880FC1B206FBDF7831DDCD714DA05867EAB4BA454EF80,3,PRESENT,Repository source registry entry
SRC-220,FINAL_DOCUMENTS,09_장애_대응_매뉴얼_최종본.md,docs/final-documents/10. 운영·관리자 문서/09_장애_대응_매뉴얼_최종본.md,repo-current,9E8AE3D21DDF56B5B0212AE84BEF2A4CB46FC4033349FC0CDB06BDF01D6ACA46,3,PRESENT,Repository source registry entry
SRC-221,FINAL_DOCUMENTS,10_운영_지표_대시보드_정의서_최종본.md,docs/final-documents/10. 운영·관리자 문서/10_운영_지표_대시보드_정의서_최종본.md,repo-current,3DC350B75C57439483F6FDF0A06DBAA500EE8038785F0D8230C704E209EDCAF1,3,PRESENT,Repository source registry entry
SRC-222,FINAL_DOCUMENTS,00_출시_문서_7종_최종본_INDEX.md,docs/final-documents/11. 출시 문서/00_출시_문서_7종_최종본_INDEX.md,repo-current,E458EFCF755AD30D852DB60330F54C55DBD5571FB3BC89C77A482A928381EBCA,3,PRESENT,Repository source registry entry
SRC-223,FINAL_DOCUMENTS,01_출시_체크리스트_최종본.md,docs/final-documents/11. 출시 문서/01_출시_체크리스트_최종본.md,repo-current,86FACDAC3568A03271FFCF4CA584E4F5138AD1575DC7754A046FADA1239E928F,3,PRESENT,Repository source registry entry
SRC-224,FINAL_DOCUMENTS,02_스토어_등록_문서_최종본.md,docs/final-documents/11. 출시 문서/02_스토어_등록_문서_최종본.md,repo-current,05CFAF761B9C599081A0ADC827FA1FB616C8281B1964F9ED2B29D64C4196ADA2,3,PRESENT,Repository source registry entry
SRC-225,FINAL_DOCUMENTS,03_앱_소개_문구_문서_최종본.md,docs/final-documents/11. 출시 문서/03_앱_소개_문구_문서_최종본.md,repo-current,F801F0C0889A52F19F94369BF82C3499FA896C4E83BB09C6D14E5BDB67764FEB,3,PRESENT,Repository source registry entry
SRC-226,FINAL_DOCUMENTS,04_스크린샷_기획서_최종본.md,docs/final-documents/11. 출시 문서/04_스크린샷_기획서_최종본.md,repo-current,D48F70A6345933E0B5069169C780EBEEE43BEDA35A34749F7C1972D201337BB6,3,PRESENT,Repository source registry entry
SRC-227,FINAL_DOCUMENTS,05_릴리즈_노트_문서_최종본.md,docs/final-documents/11. 출시 문서/05_릴리즈_노트_문서_최종본.md,repo-current,836A691B391DA72FA6556FF6B110FC791FF30355BF8325E2BE7E8A7896089B42,3,PRESENT,Repository source registry entry
SRC-228,FINAL_DOCUMENTS,06_버전_관리_정책서_최종본.md,docs/final-documents/11. 출시 문서/06_버전_관리_정책서_최종본.md,repo-current,2FE94C1DAEE274B1CE42AD72532E446149F46324E8DE68E6271BE403ADAA02E5,3,PRESENT,Repository source registry entry
SRC-229,FINAL_DOCUMENTS,07_롤백_계획서_최종본.md,docs/final-documents/11. 출시 문서/07_롤백_계획서_최종본.md,repo-current,D863653C481943AE857C63627B3A18981A0BC09E26503C154DAA44D137D32727,3,PRESENT,Repository source registry entry
SRC-230,FINAL_DOCUMENTS,00_개발_협업_문서_9종_최종본_INDEX.md,docs/final-documents/12. 개발 협업 문서/00_개발_협업_문서_9종_최종본_INDEX.md,repo-current,B6AC0B32EDA3628CDEF525D813B69EEF40925C0C8BCBAA46C10D39DB076A72F7,3,PRESENT,Repository source registry entry
SRC-231,FINAL_DOCUMENTS,01_GitHub_이슈_템플릿_최종본.md,docs/final-documents/12. 개발 협업 문서/01_GitHub_이슈_템플릿_최종본.md,repo-current,5B9C944ECB78EE4691A0FE212BC56B2CD73ACFE398ACAAB008C008EF64C12E66,3,PRESENT,Repository source registry entry
SRC-232,FINAL_DOCUMENTS,02_작업_백로그_문서_최종본.md,docs/final-documents/12. 개발 협업 문서/02_작업_백로그_문서_최종본.md,repo-current,E91DF7A8DFE4D499927D87C37887DD345300418F644AC022B9CF3FD2F90B8E4A,3,PRESENT,Repository source registry entry
SRC-233,FINAL_DOCUMENTS,03_스프린트_계획서_최종본.md,docs/final-documents/12. 개발 협업 문서/03_스프린트_계획서_최종본.md,repo-current,5A74246983F5FBA6E65A2540C8595A80B5E4955B5390B7A1C0F6B210FE10C0AF,3,PRESENT,Repository source registry entry
SRC-234,FINAL_DOCUMENTS,04_Definition_of_Done_최종본.md,docs/final-documents/12. 개발 협업 문서/04_Definition_of_Done_최종본.md,repo-current,9A3B85DDEB55C3D3DE85565E3E1FB5E345ECAE5FB2B3FAFB8249F90279AB6E56,3,PRESENT,Repository source registry entry
SRC-235,FINAL_DOCUMENTS,05_브랜치_전략_문서_최종본.md,docs/final-documents/12. 개발 협업 문서/05_브랜치_전략_문서_최종본.md,repo-current,85F3BBE8F1F7661ED1C3ACF3FCECC57C66AF648418098A3B23FE2F87D9FF4809,3,PRESENT,Repository source registry entry
SRC-236,FINAL_DOCUMENTS,06_커밋_컨벤션_문서_최종본.md,docs/final-documents/12. 개발 협업 문서/06_커밋_컨벤션_문서_최종본.md,repo-current,BB4F19C71CEFCFAAFB173075104E92159166F81676663DD732CBB603BB55702B,3,PRESENT,Repository source registry entry
SRC-237,FINAL_DOCUMENTS,07_코딩_컨벤션_문서_최종본.md,docs/final-documents/12. 개발 협업 문서/07_코딩_컨벤션_문서_최종본.md,repo-current,D9DB3B5ABDED430712D1B61BEA34F1A86E955676E730E13B24509063CB856FFC,3,PRESENT,Repository source registry entry
SRC-238,FINAL_DOCUMENTS,08_개발_환경_세팅_문서_최종본.md,docs/final-documents/12. 개발 협업 문서/08_개발_환경_세팅_문서_최종본.md,repo-current,AC8AB6027D6FBF546CDEB2FC23D594F4DB1829DA3B44EECAC72BBFCA120AFCD7,3,PRESENT,Repository source registry entry
SRC-239,FINAL_DOCUMENTS,09_README_문서_최종본.md,docs/final-documents/12. 개발 협업 문서/09_README_문서_최종본.md,repo-current,E99D7D385F071D0D3962CA6BB15CDE353C448E9B562E0CEAE2B0C5EDC17DEF07,3,PRESENT,Repository source registry entry
SRC-240,FINAL_DOCUMENTS,00_사용자_시장_전략문서_7종_최종본_INDEX.md,docs/final-documents/2. 사용자·시장·전략 문서/00_사용자_시장_전략문서_7종_최종본_INDEX.md,repo-current,557E7F22D485D79A219B93AD1A7B0ADD5C0D4F452062A96FB085C90EE0DB2D52,3,PRESENT,Repository source registry entry
SRC-241,FINAL_DOCUMENTS,01_타깃_사용자_정의서_최종본.md,docs/final-documents/2. 사용자·시장·전략 문서/01_타깃_사용자_정의서_최종본.md,repo-current,F891CE279A29FA4C49ED8EDCDF8CC8ADDC30382B3CD60088AD743ABF66AA34A4,3,PRESENT,Repository source registry entry
SRC-242,FINAL_DOCUMENTS,02_페르소나_문서_최종본.md,docs/final-documents/2. 사용자·시장·전략 문서/02_페르소나_문서_최종본.md,repo-current,8FE5FB8B819AA53B05364F50D00ED43550791FC13D672E311ABDE376F8EF855E,3,PRESENT,Repository source registry entry
SRC-243,FINAL_DOCUMENTS,03_사용자_문제_정의서_최종본.md,docs/final-documents/2. 사용자·시장·전략 문서/03_사용자_문제_정의서_최종본.md,repo-current,6D5743D3B963A631CC791DF3079EFF49CBFFE6717E24C5B1705820931E8FA242,3,PRESENT,Repository source registry entry
SRC-244,FINAL_DOCUMENTS,04_사용자_여정_지도_최종본.md,docs/final-documents/2. 사용자·시장·전략 문서/04_사용자_여정_지도_최종본.md,repo-current,0C0C724DD46892D8885C845B15B8C7379E5A0A2F55F5FBA81EF269D4364CCBA8,3,PRESENT,Repository source registry entry
SRC-245,FINAL_DOCUMENTS,05_경쟁_서비스_분석서_최종본.md,docs/final-documents/2. 사용자·시장·전략 문서/05_경쟁_서비스_분석서_최종본.md,repo-current,E22F5ECDA96153F5E5FBB17CC3A3433EC59CF981B268FB89E1EC070A6005E0D0,3,PRESENT,Repository source registry entry
SRC-246,FINAL_DOCUMENTS,06_포지셔닝_전략서_최종본.md,docs/final-documents/2. 사용자·시장·전략 문서/06_포지셔닝_전략서_최종본.md,repo-current,C20E52CC1CA2C4827FAD9B6347AC3B7C6DED11F448F22FEE93CA58E827791B3A,3,PRESENT,Repository source registry entry
SRC-247,FINAL_DOCUMENTS,07_핵심_KPI_정의서_최종본.md,docs/final-documents/2. 사용자·시장·전략 문서/07_핵심_KPI_정의서_최종본.md,repo-current,791BE80C8DC64A83F5D49AF8DEA897592DDA93966DEF31EF23AAD02C455EA8A2,3,PRESENT,Repository source registry entry
SRC-248,FINAL_DOCUMENTS,00_UX_UI_기획문서_13종_최종본_INDEX.md,docs/final-documents/3. UXUI 기획 문서/00_UX_UI_기획문서_13종_최종본_INDEX.md,repo-current,6F209FADB43B6DC8F564D7831FC5A68684045FABC5980108804DCFC76BC31B78,3,PRESENT,Repository source registry entry
SRC-249,FINAL_DOCUMENTS,01_IA_정보구조도_최종본.md,docs/final-documents/3. UXUI 기획 문서/01_IA_정보구조도_최종본.md,repo-current,3DAE0D89E2E5470B37EB51C9D62FD204972486E83C4BFF7CB6C6B6658E00E5FF,3,PRESENT,Repository source registry entry
SRC-250,FINAL_DOCUMENTS,02_사이트맵_앱맵_최종본.md,docs/final-documents/3. UXUI 기획 문서/02_사이트맵_앱맵_최종본.md,repo-current,A47ACDCC59C841738DE57A7420D3649B9932E567381223E0055DBA8F8A1487E3,3,PRESENT,Repository source registry entry
SRC-251,FINAL_DOCUMENTS,03_사용자_플로우_문서_최종본.md,docs/final-documents/3. UXUI 기획 문서/03_사용자_플로우_문서_최종본.md,repo-current,F04AA50869F995C17096E7CE3546DF93C0F22FCD512632090562C9FE22DC3AEB,3,PRESENT,Repository source registry entry
SRC-252,FINAL_DOCUMENTS,04_화면_목록표_최종본.md,docs/final-documents/3. UXUI 기획 문서/04_화면_목록표_최종본.md,repo-current,0AA6CF6F874F21B64993F071F16747DD82AEF1DF804BEB1B5E967BBB911F7C0E,3,PRESENT,Repository source registry entry
SRC-253,FINAL_DOCUMENTS,05_와이어프레임_문서_최종본.md,docs/final-documents/3. UXUI 기획 문서/05_와이어프레임_문서_최종본.md,repo-current,9F1D77B8AA9DC147C2029F6674E1FC82332C79BD292F0CE7368D1864BE5F2CC0,3,PRESENT,Repository source registry entry
SRC-254,FINAL_DOCUMENTS,06_화면_설계서_최종본.md,docs/final-documents/3. UXUI 기획 문서/06_화면_설계서_최종본.md,repo-current,17875950C7EDF64717E9AF96478338D35C4E1D3E72E12F5F311971278D44AC36,3,PRESENT,Repository source registry entry
SRC-255,FINAL_DOCUMENTS,07_인터랙션_명세서_최종본.md,docs/final-documents/3. UXUI 기획 문서/07_인터랙션_명세서_최종본.md,repo-current,3AE1AF9DB4B8803E9E22167C605224D6B136C6C25B5E8FAAD520D2F3397B9E8A,3,PRESENT,Repository source registry entry
SRC-256,FINAL_DOCUMENTS,08_프로토타입_명세서_최종본.md,docs/final-documents/3. UXUI 기획 문서/08_프로토타입_명세서_최종본.md,repo-current,8F9DD400AD4B47144EA03A43813BF0DD969CE55BD4D6FA245FC000407B4FE864,3,PRESENT,Repository source registry entry
SRC-257,FINAL_DOCUMENTS,09_디자인_시스템_문서_최종본.md,docs/final-documents/3. UXUI 기획 문서/09_디자인_시스템_문서_최종본.md,repo-current,401CFD394EC5EA2369B5613D98CC2F36024ED64FDD281C2F03754AEFA0CA3802,3,PRESENT,Repository source registry entry
SRC-258,FINAL_DOCUMENTS,10_컴포넌트_명세서_최종본.md,docs/final-documents/3. UXUI 기획 문서/10_컴포넌트_명세서_최종본.md,repo-current,41678A13A3543726BEDF0D1C5FE1E1A0A251BD0F694C0AEC82BE8C6F48666AAC,3,PRESENT,Repository source registry entry
SRC-259,FINAL_DOCUMENTS,11_반응형_디바이스_대응_문서_최종본.md,docs/final-documents/3. UXUI 기획 문서/11_반응형_디바이스_대응_문서_최종본.md,repo-current,760BEE887DC553419F8F9B4A1D0C8295E8DB9DBA97EC40410B52BA33881DE758,3,PRESENT,Repository source registry entry
SRC-260,FINAL_DOCUMENTS,12_마이크로카피_문서_최종본.md,docs/final-documents/3. UXUI 기획 문서/12_마이크로카피_문서_최종본.md,repo-current,5AE67C57D0E1AFAE5EFB5F373F312E46DF7B640020F2AFBFB64BEA87EC695863,3,PRESENT,Repository source registry entry
SRC-261,FINAL_DOCUMENTS,13_접근성_체크리스트_최종본.md,docs/final-documents/3. UXUI 기획 문서/13_접근성_체크리스트_최종본.md,repo-current,EECE4BBF3181660FBAA6169D3E99242B127C528DB01072CC60D7FC66728085DA,3,PRESENT,Repository source registry entry
SRC-262,FINAL_DOCUMENTS,00_기능_기획문서_16종_최종본_INDEX.md,docs/final-documents/4. 기능 기획 문서/00_기능_기획문서_16종_최종본_INDEX.md,repo-current,1BE6B20BDA6A309AFFCCF81E29DA261498B880E2A2A5057C7E395286EF784100,3,PRESENT,Repository source registry entry
SRC-263,FINAL_DOCUMENTS,01_기능_명세서_최종본.md,docs/final-documents/4. 기능 기획 문서/01_기능_명세서_최종본.md,repo-current,935115DC9037B13B3D840477342D5230EF8EB6EFD85034B088E14015A3E45D2E,3,PRESENT,Repository source registry entry
SRC-264,FINAL_DOCUMENTS,02_사용자_스토리_문서_최종본.md,docs/final-documents/4. 기능 기획 문서/02_사용자_스토리_문서_최종본.md,repo-current,DE09E72FAC2558F113FE5652B0DC813B0B71D3BA6A7842206EDA68CE8D98C972,3,PRESENT,Repository source registry entry
SRC-265,FINAL_DOCUMENTS,03_유스케이스_명세서_최종본.md,docs/final-documents/4. 기능 기획 문서/03_유스케이스_명세서_최종본.md,repo-current,48788731A78D2A0D9469E0A970CE12EAFA983CCA5DE4B915ACCDF4EA06FFAFF1,3,PRESENT,Repository source registry entry
SRC-266,FINAL_DOCUMENTS,04_수락_기준_문서_최종본.md,docs/final-documents/4. 기능 기획 문서/04_수락_기준_문서_최종본.md,repo-current,D672645FB4193E427BB24583D14091722CDF28EE15275BD1E6ECC42ABBCA3434,3,PRESENT,Repository source registry entry
SRC-267,FINAL_DOCUMENTS,05_계산_정책_문서_최종본.md,docs/final-documents/4. 기능 기획 문서/05_계산_정책_문서_최종본.md,repo-current,4424C6BE974E1AFE29E20C99D0EE15BCF14BCB3798E65A46544F4CD9D16BDB74,3,PRESENT,Repository source registry entry
SRC-268,FINAL_DOCUMENTS,06_급여_관리_기능_명세서_최종본.md,docs/final-documents/4. 기능 기획 문서/06_급여_관리_기능_명세서_최종본.md,repo-current,AF58A43AA6B65AC1CF1F878F4F46EF22CC66B7CBAA8624A1595DCEBB915C5983,3,PRESENT,Repository source registry entry
SRC-269,FINAL_DOCUMENTS,07_고정지출_관리_명세서_최종본.md,docs/final-documents/4. 기능 기획 문서/07_고정지출_관리_명세서_최종본.md,repo-current,0340405C524F12DBEF9E68705E665DAB01B912E91758AC40A9FC2541CC735E8E,3,PRESENT,Repository source registry entry
SRC-270,FINAL_DOCUMENTS,08_고정저축_관리_명세서_최종본.md,docs/final-documents/4. 기능 기획 문서/08_고정저축_관리_명세서_최종본.md,repo-current,0817CE010F8B9248CF412061FD151FBA9170374410334EA0EC53B25AB0765F87,3,PRESENT,Repository source registry entry
SRC-271,FINAL_DOCUMENTS,09_일일_예산_관리_명세서_최종본.md,docs/final-documents/4. 기능 기획 문서/09_일일_예산_관리_명세서_최종본.md,repo-current,5D70939F49F8ABF76011E4834B3D82E567A8A99E215557F1CDE317F4133341B1,3,PRESENT,Repository source registry entry
SRC-272,FINAL_DOCUMENTS,10_변동지출_기록_명세서_최종본.md,docs/final-documents/4. 기능 기획 문서/10_변동지출_기록_명세서_최종본.md,repo-current,576B66D3DE82C3DA89410D121DFB458B77E046B25D0342AF87017D39F84EC5D5,3,PRESENT,Repository source registry entry
SRC-273,FINAL_DOCUMENTS,11_알림_기능_명세서_최종본.md,docs/final-documents/4. 기능 기획 문서/11_알림_기능_명세서_최종본.md,repo-current,B4F62BACC4F88F1569F810ED094B1718D1180C5069393F4E2B5C3E44FD0E74C3,3,PRESENT,Repository source registry entry
SRC-274,FINAL_DOCUMENTS,12_레벨업_기능_명세서_최종본.md,docs/final-documents/4. 기능 기획 문서/12_레벨업_기능_명세서_최종본.md,repo-current,F3294D6911438492C8ACE337A1993EA279AB4AB4A216D09DAABDDBF4E358B3EC,3,PRESENT,Repository source registry entry
SRC-275,FINAL_DOCUMENTS,13_커뮤니티_기능_명세서_최종본.md,docs/final-documents/4. 기능 기획 문서/13_커뮤니티_기능_명세서_최종본.md,repo-current,CD7FD49D560821F1DCE6EA7AF174DBD924E12E63D746C47F7F627732F30DC774,3,PRESENT,Repository source registry entry
SRC-276,FINAL_DOCUMENTS,14_글쓰기_기능_명세서_최종본.md,docs/final-documents/4. 기능 기획 문서/14_글쓰기_기능_명세서_최종본.md,repo-current,2F9C00A270B78B7D59AC56D8F91A084B7EBB661134FEBA1A6BEC443541EB6FDD,3,PRESENT,Repository source registry entry
SRC-277,FINAL_DOCUMENTS,15_마이페이지_기능_명세서_최종본.md,docs/final-documents/4. 기능 기획 문서/15_마이페이지_기능_명세서_최종본.md,repo-current,EEEE69ED9A9740691247AE53997FC3C77B73DF10AF702854F970B1A6682810C0,3,PRESENT,Repository source registry entry
SRC-278,FINAL_DOCUMENTS,16_광고_제휴_배너_기능_명세서_최종본.md,docs/final-documents/4. 기능 기획 문서/16_광고_제휴_배너_기능_명세서_최종본.md,repo-current,12CF7C35B5A2D7422ED85C5304F92C1472772351017C7B66A4AAEC6CBC1CE312,3,PRESENT,Repository source registry entry
SRC-279,FINAL_DOCUMENTS,00_데이터_DB_문서_8종_최종본_INDEX.md,docs/final-documents/5. 데이터·DB 문서/00_데이터_DB_문서_8종_최종본_INDEX.md,repo-current,C60B24F5D836A8999DADD02679D2AD62E91670D9B52B8A9486635AB759559B79,3,PRESENT,Repository source registry entry
SRC-280,FINAL_DOCUMENTS,01_데이터_모델_정의서_최종본.md,docs/final-documents/5. 데이터·DB 문서/01_데이터_모델_정의서_최종본.md,repo-current,A59B7F876FC897263C2EEDE824B0F7E4DDAB7922FC5A0D2360127169697D2416,3,PRESENT,Repository source registry entry
SRC-281,FINAL_DOCUMENTS,02_ERD_최종본.md,docs/final-documents/5. 데이터·DB 문서/02_ERD_최종본.md,repo-current,BB87942852645694B1096616A985F4999B58C2D6CD1EB095110CF9E6A931948C,3,PRESENT,Repository source registry entry
SRC-282,FINAL_DOCUMENTS,03_테이블_정의서_최종본.md,docs/final-documents/5. 데이터·DB 문서/03_테이블_정의서_최종본.md,repo-current,84577DC3AC07E2FA85A4398B6DFBF43A96FD1E75E3F2B7F97F1E0F5F5C8B892D,3,PRESENT,Repository source registry entry
SRC-283,FINAL_DOCUMENTS,04_데이터_사전_최종본.md,docs/final-documents/5. 데이터·DB 문서/04_데이터_사전_최종본.md,repo-current,DE469FE4CB4F1D66F207270B566091BD635E48DC6240FDEF50641CE26F63B2F0,3,PRESENT,Repository source registry entry
SRC-284,FINAL_DOCUMENTS,05_상태값_정의서_최종본.md,docs/final-documents/5. 데이터·DB 문서/05_상태값_정의서_최종본.md,repo-current,D51EFE20D1D1C83898A936C12958C85023A1B598760C2DD3AD5C1D1D7367089D,3,PRESENT,Repository source registry entry
SRC-285,FINAL_DOCUMENTS,06_금액_데이터_처리_정책서_최종본.md,docs/final-documents/5. 데이터·DB 문서/06_금액_데이터_처리_정책서_최종본.md,repo-current,21B2E9FC412DDE3BF8C56A39115456BF79F205157967F81B94D7CC2B45DFF8D0,3,PRESENT,Repository source registry entry
SRC-286,FINAL_DOCUMENTS,07_데이터_보존_삭제_정책서_최종본.md,docs/final-documents/5. 데이터·DB 문서/07_데이터_보존_삭제_정책서_최종본.md,repo-current,51DBED22C8859DB47219E7D5D775ADD8BDFBB3D8FB24C3B47A124D2ECC82FAB0,3,PRESENT,Repository source registry entry
SRC-287,FINAL_DOCUMENTS,08_샘플_데이터_문서_최종본.md,docs/final-documents/5. 데이터·DB 문서/08_샘플_데이터_문서_최종본.md,repo-current,C0EC35B554F9D61F005FB8ACDF6DD79381893D1E3E74D596DB6307DFA47AA84A,3,PRESENT,Repository source registry entry
SRC-288,FINAL_DOCUMENTS,00_API_백엔드_문서_8종_최종본_INDEX.md,docs/final-documents/6. API·백엔드 문서/00_API_백엔드_문서_8종_최종본_INDEX.md,repo-current,DF1FE80D67E78AE690EDECA26C99DA6B48033E8EAECF874EA6B9791C52BED7FE,3,PRESENT,Repository source registry entry
SRC-289,FINAL_DOCUMENTS,01_API_명세서_최종본.md,docs/final-documents/6. API·백엔드 문서/01_API_명세서_최종본.md,repo-current,5474C332A44BFEA5FAF74467FB234BA19599A9B97C5B8AF2D08D4DBF86997BCF,3,PRESENT,Repository source registry entry
SRC-290,FINAL_DOCUMENTS,02_인증_인가_명세서_최종본.md,docs/final-documents/6. API·백엔드 문서/02_인증_인가_명세서_최종본.md,repo-current,73B6A8AD9D267430B485ADCD0BE9B75B99E622AA61B7777352FEC962EC6DF6F6,3,PRESENT,Repository source registry entry
SRC-291,FINAL_DOCUMENTS,03_소셜_로그인_연동_문서_최종본.md,docs/final-documents/6. API·백엔드 문서/03_소셜_로그인_연동_문서_최종본.md,repo-current,2B8D43BB8B45FAA27C6A5E47897649FC330A09269859659DFDCA6A840408446F,3,PRESENT,Repository source registry entry
SRC-292,FINAL_DOCUMENTS,04_파일_업로드_명세서_최종본.md,docs/final-documents/6. API·백엔드 문서/04_파일_업로드_명세서_최종본.md,repo-current,F0558FCE5BAE60C7B3DB328F1BB7E387CD65B6EFF41F4BB3943019E1EB1C07EA,3,PRESENT,Repository source registry entry
SRC-293,FINAL_DOCUMENTS,05_푸시_알림_API_명세서_최종본.md,docs/final-documents/6. API·백엔드 문서/05_푸시_알림_API_명세서_최종본.md,repo-current,67C2735AA5E0FE9C7324AB0DD439BA43EF8FC865B34B77BBDC55DAE4CBFD36BE,3,PRESENT,Repository source registry entry
SRC-294,FINAL_DOCUMENTS,06_검색_필터_API_명세서_최종본.md,docs/final-documents/6. API·백엔드 문서/06_검색_필터_API_명세서_최종본.md,repo-current,95475646A7BA72B3540B0A904D4E2527C2017481D3E96FD29E9EFD3CC0E127EA,3,PRESENT,Repository source registry entry
SRC-295,FINAL_DOCUMENTS,07_관리자_API_명세서_최종본.md,docs/final-documents/6. API·백엔드 문서/07_관리자_API_명세서_최종본.md,repo-current,F19FEDDFF4A1CDD042955CD52F90E189283075823C28C8AD28E6FEDC05125274,3,PRESENT,Repository source registry entry
SRC-296,FINAL_DOCUMENTS,08_배치_스케줄러_설계서_최종본.md,docs/final-documents/6. API·백엔드 문서/08_배치_스케줄러_설계서_최종본.md,repo-current,0FEE0E3D321C2A5BDF9E2D56BECD7A61BFB7EB6DAA307A2A9225E99AF89A1605,3,PRESENT,Repository source registry entry
SRC-297,FINAL_DOCUMENTS,00_기술_설계문서_10종_최종본_INDEX.md,docs/final-documents/7. 기술 설계 문서/00_기술_설계문서_10종_최종본_INDEX.md,repo-current,84074DEAC3C9B76BFC8F1C38FC7AAA5676FDABAECE482EE06CDB6D8B96D47898,3,PRESENT,Repository source registry entry
SRC-298,FINAL_DOCUMENTS,01_기술_아키텍처_설계서_최종본.md,docs/final-documents/7. 기술 설계 문서/01_기술_아키텍처_설계서_최종본.md,repo-current,623E28DA049859417216D5FC9388AF6641CD984CADC9D0925F656C9DB5356A92,3,PRESENT,Repository source registry entry
SRC-299,FINAL_DOCUMENTS,02_프론트엔드_아키텍처_문서_최종본.md,docs/final-documents/7. 기술 설계 문서/02_프론트엔드_아키텍처_문서_최종본.md,repo-current,5B9D81FCDA1EBEA0BE51F086CEBC06DD81458DBEF4380EA4B7C60B5B8B6B29E1,3,PRESENT,Repository source registry entry
SRC-300,FINAL_DOCUMENTS,03_백엔드_아키텍처_문서_최종본.md,docs/final-documents/7. 기술 설계 문서/03_백엔드_아키텍처_문서_최종본.md,repo-current,59F2386E8A3C48744C57986EBD10A8C2F96BC376F7C93829541CEC52937F738E,3,PRESENT,Repository source registry entry
SRC-301,FINAL_DOCUMENTS,04_인프라_설계서_최종본.md,docs/final-documents/7. 기술 설계 문서/04_인프라_설계서_최종본.md,repo-current,E88BF52918C45F58F454D526F6DD3543EE85312E37FD384240051D27013BED1D,3,PRESENT,Repository source registry entry
SRC-302,FINAL_DOCUMENTS,05_확장성_설계서_최종본.md,docs/final-documents/7. 기술 설계 문서/05_확장성_설계서_최종본.md,repo-current,DFE6DBED697ABCEE01AED8F333B138A7895ECCBD3C759627E0631344DB37E993,3,PRESENT,Repository source registry entry
SRC-303,FINAL_DOCUMENTS,06_성능_요구사항_문서_최종본.md,docs/final-documents/7. 기술 설계 문서/06_성능_요구사항_문서_최종본.md,repo-current,36344F33BF2E335A1C1A3608DA6D42F88CB934ACE32E97A4936EBD8043759CF9,3,PRESENT,Repository source registry entry
SRC-304,FINAL_DOCUMENTS,07_로깅_모니터링_설계서_최종본.md,docs/final-documents/7. 기술 설계 문서/07_로깅_모니터링_설계서_최종본.md,repo-current,F42A61F982073B31D813C7BBE75795C45790BE6EF8E32236115EC1A593EE8FA9,3,PRESENT,Repository source registry entry
SRC-305,FINAL_DOCUMENTS,08_백업_복구_정책서_최종본.md,docs/final-documents/7. 기술 설계 문서/08_백업_복구_정책서_최종본.md,repo-current,F1B52FF00170CC8598739F78981536610672AABCAC68C79E5FBD3EF8F40A9BCD,3,PRESENT,Repository source registry entry
SRC-306,FINAL_DOCUMENTS,09_환경변수_시크릿_관리_문서_최종본.md,docs/final-documents/7. 기술 설계 문서/09_환경변수_시크릿_관리_문서_최종본.md,repo-current,14EA767547C5FD02DD6EDF9B624BC13D842486E726B781848ACBFD7A0A12A3E8,3,PRESENT,Repository source registry entry
SRC-307,FINAL_DOCUMENTS,10_CI_CD_문서_최종본.md,docs/final-documents/7. 기술 설계 문서/10_CI_CD_문서_최종본.md,repo-current,D3C6D3CD154FE1BC3E74B97FD58FAFCC19FD3944C22C136FA6D8446507190AB0,3,PRESENT,Repository source registry entry
SRC-308,FINAL_DOCUMENTS,00_보안_개인정보_정책문서_10종_최종본_INDEX.md,docs/final-documents/8. 보안·개인정보·정책 문서/00_보안_개인정보_정책문서_10종_최종본_INDEX.md,repo-current,097B886567D8333ABD255C5C451CE704BDB27BA3854B4B9B98202838EAC99762,3,PRESENT,Repository source registry entry
SRC-309,FINAL_DOCUMENTS,01_개인정보_처리_설계서_최종본.md,docs/final-documents/8. 보안·개인정보·정책 문서/01_개인정보_처리_설계서_최종본.md,repo-current,A72A6A1338F93CB595FAFB0D2C45C9B40A3CB52642810F25E8F76CA4FF54ACB0,3,PRESENT,Repository source registry entry
SRC-310,FINAL_DOCUMENTS,02_민감정보_분류표_최종본.md,docs/final-documents/8. 보안·개인정보·정책 문서/02_민감정보_분류표_최종본.md,repo-current,CE8979435E878893A88DFB7888B99AF0095EE8513D56AC27D16C9CDF0C09E152,3,PRESENT,Repository source registry entry
SRC-311,FINAL_DOCUMENTS,03_동의_화면_명세서_최종본.md,docs/final-documents/8. 보안·개인정보·정책 문서/03_동의_화면_명세서_최종본.md,repo-current,A445509097207DE30837E8310BCAFBE84AD94FD7280C8923CA80C8E0FBCF4521,3,PRESENT,Repository source registry entry
SRC-312,FINAL_DOCUMENTS,04_권한_정책서_최종본.md,docs/final-documents/8. 보안·개인정보·정책 문서/04_권한_정책서_최종본.md,repo-current,20D2119E534B27E004648C03CC6A1FB63AFD9778E3BB230611404F9241D64C0E,3,PRESENT,Repository source registry entry
SRC-313,FINAL_DOCUMENTS,05_보안_요구사항_정의서_최종본.md,docs/final-documents/8. 보안·개인정보·정책 문서/05_보안_요구사항_정의서_최종본.md,repo-current,F2416093FB00E80FED3257DB616C4D39FDA660B87C2CD055D0C7888F4D9DDE11,3,PRESENT,Repository source registry entry
SRC-314,FINAL_DOCUMENTS,06_광고_데이터_분리_정책서_최종본.md,docs/final-documents/8. 보안·개인정보·정책 문서/06_광고_데이터_분리_정책서_최종본.md,repo-current,20C0F37D7B27F49466089750E73386FE3EEE87C627FE4838459CF2866C0C6F28,3,PRESENT,Repository source registry entry
SRC-315,FINAL_DOCUMENTS,07_커뮤니티_운영_정책서_최종본.md,docs/final-documents/8. 보안·개인정보·정책 문서/07_커뮤니티_운영_정책서_최종본.md,repo-current,87358D0E4461EDBB30C87DCC241E5D0EE0FA7A7C4149015FB12FD261739D4BAF,3,PRESENT,Repository source registry entry
SRC-316,FINAL_DOCUMENTS,08_콘텐츠_면책_안내_문서_최종본.md,docs/final-documents/8. 보안·개인정보·정책 문서/08_콘텐츠_면책_안내_문서_최종본.md,repo-current,0BAF2E1EBF8C9332F8CCED66F7489781BC612406C94182932EA9A481EAF98DDB,3,PRESENT,Repository source registry entry
SRC-317,FINAL_DOCUMENTS,09_약관_초안_최종본.md,docs/final-documents/8. 보안·개인정보·정책 문서/09_약관_초안_최종본.md,repo-current,668C9A927FB3B9E7CA3DF52FBA884F4BAF3F6B08D7BEE2DC851436C105983A8A,3,PRESENT,Repository source registry entry
SRC-318,FINAL_DOCUMENTS,10_개인정보처리방침_초안_최종본.md,docs/final-documents/8. 보안·개인정보·정책 문서/10_개인정보처리방침_초안_최종본.md,repo-current,AAD7CBC51C97DEE7A566B9D354CC23305DD68BED556D0D7C97CC83E4F8BD5452,3,PRESENT,Repository source registry entry
SRC-319,FINAL_DOCUMENTS,00_QA_테스트_문서_11종_최종본_INDEX.md,docs/final-documents/9. QA·테스트 문서/00_QA_테스트_문서_11종_최종본_INDEX.md,repo-current,F54CCEC8F42A47D86DDF0008895D17F7FD395D0122919294E57BDF64536CCB5D,3,PRESENT,Repository source registry entry
SRC-320,FINAL_DOCUMENTS,01_QA_계획서_최종본.md,docs/final-documents/9. QA·테스트 문서/01_QA_계획서_최종본.md,repo-current,899637E3A04B828B0E046360551DC49B9128CDF26557E0DCCB98402BFDAD19C7,3,PRESENT,Repository source registry entry
SRC-321,FINAL_DOCUMENTS,02_테스트_케이스_문서_최종본.md,docs/final-documents/9. QA·테스트 문서/02_테스트_케이스_문서_최종본.md,repo-current,31C8E03BB2ED989F30702B1CD0000569BC77BCD5563F57649F3D21A56921CA4E,3,PRESENT,Repository source registry entry
SRC-322,FINAL_DOCUMENTS,03_시나리오_테스트_문서_최종본.md,docs/final-documents/9. QA·테스트 문서/03_시나리오_테스트_문서_최종본.md,repo-current,3263F85D9182E72CC2386FD676EE91D31CAB75C028CE350500F5009A66969EFA,3,PRESENT,Repository source registry entry
SRC-323,FINAL_DOCUMENTS,04_API_테스트_문서_최종본.md,docs/final-documents/9. QA·테스트 문서/04_API_테스트_문서_최종본.md,repo-current,9586F5459A17A797E7429E4117FAE7C92636A4B977A743A02D3D173F773D8867,3,PRESENT,Repository source registry entry
SRC-324,FINAL_DOCUMENTS,05_금액_계산_테스트_문서_최종본.md,docs/final-documents/9. QA·테스트 문서/05_금액_계산_테스트_문서_최종본.md,repo-current,479E1D26A288DD23B9470F3AE3B3077282F2929E69D24810761E66551AEC1090,3,PRESENT,Repository source registry entry
SRC-325,FINAL_DOCUMENTS,06_디바이스_테스트_매트릭스_최종본.md,docs/final-documents/9. QA·테스트 문서/06_디바이스_테스트_매트릭스_최종본.md,repo-current,29A0A60B3AF205C45C5F5D2C47D2E24C1C40B628483DF715D3DFA42D697B6D57,3,PRESENT,Repository source registry entry
SRC-326,FINAL_DOCUMENTS,07_성능_테스트_계획서_최종본.md,docs/final-documents/9. QA·테스트 문서/07_성능_테스트_계획서_최종본.md,repo-current,FCD120C1567414C386F55778B02D96E1562664BF40A83C58C1BB20F4B5F37C8F,3,PRESENT,Repository source registry entry
SRC-327,FINAL_DOCUMENTS,08_보안_테스트_체크리스트_최종본.md,docs/final-documents/9. QA·테스트 문서/08_보안_테스트_체크리스트_최종본.md,repo-current,52E2584F7C419FDC55EDAB2DED9AF578176EF927CE3BDAE3F742E24060CBBE5D,3,PRESENT,Repository source registry entry
SRC-328,FINAL_DOCUMENTS,09_회귀_테스트_체크리스트_최종본.md,docs/final-documents/9. QA·테스트 문서/09_회귀_테스트_체크리스트_최종본.md,repo-current,7FFF33A0236E16A34D3CAC9515493ACF1A19FFC536A2B2A421F6FA294704297B,3,PRESENT,Repository source registry entry
SRC-329,FINAL_DOCUMENTS,10_버그_리포트_템플릿_최종본.md,docs/final-documents/9. QA·테스트 문서/10_버그_리포트_템플릿_최종본.md,repo-current,3322635C064BAD546ECA0D5FCC4F2A83AC354D02F1E2080BF7602B3B1ECE19E6,3,PRESENT,Repository source registry entry
SRC-330,FINAL_DOCUMENTS,11_UAT_사용자_인수_테스트_문서_최종본.md,docs/final-documents/9. QA·테스트 문서/11_UAT_사용자_인수_테스트_문서_최종본.md,repo-current,EF8281EAC94FC43824ACAE035EDD3752BFD0802638ACB10D9028C35D336979F2,3,PRESENT,Repository source registry entry
SRC-331,FINAL_DOCUMENTS,LEVEL_UP_CONTENT_OPERATIONS_POLICY.md,docs/final-documents/LEVEL_UP_CONTENT_OPERATIONS_POLICY.md,repo-current,94AD93AEB0B614CAE20E520490275D29AF30E1FDCBEE0F3ABC7EA87FA4C5901F,3,PRESENT,Repository source registry entry
SRC-332,STITCH,community-all.html,docs/design/stitch/2026-07-16/html/community-all.html,repo-current,0F5C65953F6FF55D2359F0DB1B2641D893DC58B4C087A78607956B504063BE9E,3,PRESENT,Repository source registry entry
SRC-333,STITCH,community-free.html,docs/design/stitch/2026-07-16/html/community-free.html,repo-current,CEF1F8F970624D8E38932AC84368825B58D4389690E136BA53BAC4BE9167FDF3,3,PRESENT,Repository source registry entry
SRC-334,STITCH,community-hobby.html,docs/design/stitch/2026-07-16/html/community-hobby.html,repo-current,4365D0724E19B900EF90791B1712A91C201E16C394F63560343094038AAEFD62,3,PRESENT,Repository source registry entry
SRC-335,STITCH,community-level-certification.html,docs/design/stitch/2026-07-16/html/community-level-certification.html,repo-current,332E6F5A1F2416F053C0324851EFE49803FEBE12FCAC471A8699A0AE3188DB8C,3,PRESENT,Repository source registry entry
SRC-336,STITCH,community-write.html,docs/design/stitch/2026-07-16/html/community-write.html,repo-current,C9EBE3CEAF0D8A1E674AAF7160BC3BEE98E8EA6B19E709C8BF5B2EB2A079CFC8,3,PRESENT,Repository source registry entry
SRC-337,STITCH,english.html,docs/design/stitch/2026-07-16/html/english.html,repo-current,65EFDE61FBC89F830F45D20876B9CA72C8CB7DE3FD48A9271823E1E4C9E80126,3,PRESENT,Repository source registry entry
SRC-338,STITCH,health.html,docs/design/stitch/2026-07-16/html/health.html,repo-current,908DD7333924CA4EF7A606FE4D9F9257D76444A86DBA32B67011D88E94C757DF,3,PRESENT,Repository source registry entry
SRC-339,STITCH,level-main.html,docs/design/stitch/2026-07-16/html/level-main.html,repo-current,8435280E61F0476262B63AC6739498950F42C715FCF963BB0FC6F1A49ED35198,3,PRESENT,Repository source registry entry
SRC-340,STITCH,login.html,docs/design/stitch/2026-07-16/html/login.html,repo-current,73388C00196E5BFE1E7C144BC781093284991700181008776E6AE2AB412548F7,3,PRESENT,Repository source registry entry
SRC-341,STITCH,news.html,docs/design/stitch/2026-07-16/html/news.html,repo-current,5516798429E6B3672DFCC8E70C155A3152509FA6941465CB5A7323BB0972E889,3,PRESENT,Repository source registry entry
SRC-342,STITCH,notifications.html,docs/design/stitch/2026-07-16/html/notifications.html,repo-current,A9A80A967F342CAC2C223334F5F4AAAFE9A284BF710AA3EB4E17FBED8FB3A23F,3,PRESENT,Repository source registry entry
SRC-343,STITCH,plan-settings.html,docs/design/stitch/2026-07-16/html/plan-settings.html,repo-current,02184463B386F3BF023200AD797BCE654DB289CBBD0E336546A61A54ED600538,3,PRESENT,Repository source registry entry
SRC-344,STITCH,profile.html,docs/design/stitch/2026-07-16/html/profile.html,repo-current,ADF0FD9AB07B076C83B4F03ACA21B5537E22114F16F567FFADD73B73203FDA9E,3,PRESENT,Repository source registry entry
SRC-345,STITCH,reading.html,docs/design/stitch/2026-07-16/html/reading.html,repo-current,4B031D1645C4BC7C665931F307D59DF03F820C2CC957330C3331B79EA6CAA82B,3,PRESENT,Repository source registry entry
SRC-346,STITCH,salary-home.html,docs/design/stitch/2026-07-16/html/salary-home.html,repo-current,232EEDC931A84CC7E142639DAD27D0427E0B8D2BF5519468F25E12A254F329F2,3,PRESENT,Repository source registry entry
SRC-347,STITCH,signup.html,docs/design/stitch/2026-07-16/html/signup.html,repo-current,096406ABE83E883E48E6799D8FF7A0709B17F8EDDD49E4F8021832D4BE73CBA8,3,PRESENT,Repository source registry entry
SRC-348,STITCH,splash.html,docs/design/stitch/2026-07-16/html/splash.html,repo-current,27DF634BB1B089BADE1EC7869AD083A5C7C0FF871C399B51EB4163A6AA0734DD,3,PRESENT,Repository source registry entry
SRC-349,STITCH,community-all.png,docs/design/stitch/2026-07-16/screens/community-all.png,repo-current,4CF818CE710D59FA7F55359FCA0192ECA876E40F61C00663081FD56AE7699D52,3,PRESENT,Repository source registry entry
SRC-350,STITCH,community-free.png,docs/design/stitch/2026-07-16/screens/community-free.png,repo-current,8EBB4D9107CCA7FDF254FF2255DFFF400775E066CFFB091BC6BC6597C0FFE2A7,3,PRESENT,Repository source registry entry
SRC-351,STITCH,community-hobby.png,docs/design/stitch/2026-07-16/screens/community-hobby.png,repo-current,F5842AACFC17463613E0B19F7202A60F7C768ECE1C5D63133F9251A7337848C5,3,PRESENT,Repository source registry entry
SRC-352,STITCH,community-level-certification.png,docs/design/stitch/2026-07-16/screens/community-level-certification.png,repo-current,3B5B1C8E456CD3B8CAEFFD71EF6B3BEA19BAFD42AC84523A6371899454231F72,3,PRESENT,Repository source registry entry
SRC-353,STITCH,community-write.png,docs/design/stitch/2026-07-16/screens/community-write.png,repo-current,CCAFCB263396D28BC6F7B5F3384D2E924FA9028CC821792EBC53E80C8F9BB8DE,3,PRESENT,Repository source registry entry
SRC-354,STITCH,english.png,docs/design/stitch/2026-07-16/screens/english.png,repo-current,4980660FF4A3539496FF331E52A0506DF6EC01132B72EBE2E24F8A6B5367DFBC,3,PRESENT,Repository source registry entry
SRC-355,STITCH,health.png,docs/design/stitch/2026-07-16/screens/health.png,repo-current,84FC77306E60718A0E7FCD455986A2FABE56A71CB2B22439D615EF66CA995B9E,3,PRESENT,Repository source registry entry
SRC-356,STITCH,level-main.png,docs/design/stitch/2026-07-16/screens/level-main.png,repo-current,F735A78D2C7B670C18F83DA16E3AF02C4E019FE7B2B087068AE349D535AD2BBC,3,PRESENT,Repository source registry entry
SRC-357,STITCH,login.png,docs/design/stitch/2026-07-16/screens/login.png,repo-current,9DF8B71E77C30641F46C7EF767403F5966F78DFE73874504E591FBB1A6AC7BBC,3,PRESENT,Repository source registry entry
SRC-358,STITCH,news.png,docs/design/stitch/2026-07-16/screens/news.png,repo-current,F2B0CF7F79F597060F46AE498C0C3625EF22DD50AEAFB7DC5E3ED44042A6EFE9,3,PRESENT,Repository source registry entry
SRC-359,STITCH,notifications.png,docs/design/stitch/2026-07-16/screens/notifications.png,repo-current,DB9CC14320218646566E001F1B59EC8951679EC8DB0152B0116BF953EF94CE5E,3,PRESENT,Repository source registry entry
SRC-360,STITCH,plan-settings.png,docs/design/stitch/2026-07-16/screens/plan-settings.png,repo-current,F155D10CD5D47D81CB10EB315CDE4C06705D5E84B14BA6FD1E1482CB29748155,3,PRESENT,Repository source registry entry
SRC-361,STITCH,profile.png,docs/design/stitch/2026-07-16/screens/profile.png,repo-current,83EB96E6193E507CBFBB88FEA3C9BBC4D1778869B8B73ECE5183563854DE7B10,3,PRESENT,Repository source registry entry
SRC-362,STITCH,reading.png,docs/design/stitch/2026-07-16/screens/reading.png,repo-current,E5B6461B829EDCB9A1F7B45AFA0D209E44697A65712C3A5F918B5C0588FFEB2F,3,PRESENT,Repository source registry entry
SRC-363,STITCH,salary-home.png,docs/design/stitch/2026-07-16/screens/salary-home.png,repo-current,190F05F7D714694C1F73AC5A366F51DDD9F5F1314FE78A82EF95974ABE4CB8DA,3,PRESENT,Repository source registry entry
SRC-364,STITCH,signup.png,docs/design/stitch/2026-07-16/screens/signup.png,repo-current,C6BB0DFEDA585B7BF5946592E0EF27492FA202813E981BCB66771D73816B2FA2,3,PRESENT,Repository source registry entry
SRC-365,STITCH,splash.png,docs/design/stitch/2026-07-16/screens/splash.png,repo-current,AA5299DE05E08718DCC0AFC17CD2DC0250F112820536A15197BB878D8C9BF16C,3,PRESENT,Repository source registry entry
SRC-366,STITCH,source-zips-manifest.json,docs/design/stitch/2026-07-16/source-zips/source-zips-manifest.json,repo-current,3FBABFB0E00A710EFFC8ED46C2063CE4AD01C8FCB93C0098F53EBC7E6C29187D,3,PRESENT,Repository source registry entry
SRC-367,STITCH,stitch-screen-inventory.csv,docs/design/stitch/2026-07-16/stitch-screen-inventory.csv,repo-current,C4D799B10C8ED8C6B4E7C0DFD87BB6A1BA76C9F1A3CC06796460F4AE06B7BCF4,3,PRESENT,Repository source registry entry
SRC-368,STITCH,stitch-screen-inventory.json,docs/design/stitch/2026-07-16/stitch-screen-inventory.json,repo-current,E99A6CCC1E96FF8D391D08588001AFD2955AE5E7CBE637791F1D3795963A9002,3,PRESENT,Repository source registry entry
SRC-369,STITCH,STITCH_SCREEN_INVENTORY.md,docs/design/stitch/2026-07-16/STITCH_SCREEN_INVENTORY.md,repo-current,BCA350F8E537531FE2DBB0B30AF3318AC1F7087610B6C8F09BED6ED33AFA2E08,3,PRESENT,Repository source registry entry
SRC-370,CURRENT_AUDIT,CURRENT_API_DB_AUDIT_2026-08-12.csv,docs/audit/CURRENT_API_DB_AUDIT_2026-08-12.csv,repo-current,6607DA5C896A35A4244286082687AD7EB2B23B84EA559809535632FEDD176457,3,PRESENT,Repository source registry entry
SRC-371,CURRENT_AUDIT,CURRENT_IMPLEMENTATION_AUDIT_2026-08-12.md,docs/audit/CURRENT_IMPLEMENTATION_AUDIT_2026-08-12.md,repo-current,26B0DFE66867AA9745001BFC4C6F75F9014C7E26623015F41EF3E10EC7E4612F,3,PRESENT,Repository source registry entry
SRC-372,CURRENT_AUDIT,CURRENT_IMPLEMENTATION_GAPS_2026-08-12.csv,docs/audit/CURRENT_IMPLEMENTATION_GAPS_2026-08-12.csv,repo-current,23FB2EBBF33767CD1EFF923CF91D0F9D63AEE850DC63B5D0F604807B3A328902,3,PRESENT,Repository source registry entry
SRC-373,CURRENT_AUDIT,CURRENT_IMPLEMENTATION_MATRIX_2026-08-12.csv,docs/audit/CURRENT_IMPLEMENTATION_MATRIX_2026-08-12.csv,repo-current,8A136C2CF072C6D5152A8414F43B38839B1A10A0983840F59C44F977F474A16F,3,PRESENT,Repository source registry entry
SRC-374,CURRENT_AUDIT,CURRENT_RELEASE_READINESS_2026-08-12.md,docs/audit/CURRENT_RELEASE_READINESS_2026-08-12.md,repo-current,5061D4F422AC5BBEBCFF5B6358112C3116464F0412716DC5AAAC29DBFBDDD8D6,3,PRESENT,Repository source registry entry
SRC-375,CURRENT_AUDIT,CURRENT_ROUTE_SCREEN_AUDIT_2026-08-12.csv,docs/audit/CURRENT_ROUTE_SCREEN_AUDIT_2026-08-12.csv,repo-current,06E0541DC4BC68E4C85D63DEBF5F00FA6CBC3291FF5A1D272F3DAF7185178BB3,3,PRESENT,Repository source registry entry
SRC-376,CURRENT_AUDIT,DEFECT_REGISTER.md,docs/audit/DEFECT_REGISTER.md,repo-current,C5EBD25CB97A8B87BAA4F0EA94F826D8C070AFC5EC2E71AC71387DC7B5E429C7,3,PRESENT,Repository source registry entry
SRC-377,CURRENT_AUDIT,EXECUTION_STATE.md,docs/audit/EXECUTION_STATE.md,repo-current,36F7092AF6FAB05C4C6C75163F3C7105EA8A9284FBD0D058A160473101E5061A,3,PRESENT,Repository source registry entry
SRC-378,CURRENT_AUDIT,IMPLEMENTATION_MATRIX.csv,docs/audit/IMPLEMENTATION_MATRIX.csv,repo-current,B769537B2591CC4BAE5AF5D6DE8BFD8411519B82E5A4600352869C6C1DA634CE,3,PRESENT,Repository source registry entry
SRC-379,CURRENT_AUDIT,VERIFICATION_REPORT.md,docs/audit/VERIFICATION_REPORT.md,repo-current,751863D76289F4383851DA65CB3567F87BB06DBC9D1A784041FC6A91C0A10465,3,PRESENT,Repository source registry entry
SRC-380,DB_MIGRATIONS,0001_init_users.sql,database/migrations/0001_init_users.sql,repo-current,0AE238341ECFB430CF7EAD8850A6627627C81143CB42E352ED2BB6CCE727ECA8,3,PRESENT,Repository source registry entry
SRC-381,DB_MIGRATIONS,0002_payroll_budget_expense.sql,database/migrations/0002_payroll_budget_expense.sql,repo-current,82F6CF91A31D2900B3EF6A08700609AB4510DEB3D7C4E5DAA698D5E80EE562D1,3,PRESENT,Repository source registry entry
SRC-382,DB_MIGRATIONS,0003_growth_community_notifications.sql,database/migrations/0003_growth_community_notifications.sql,repo-current,C8CD37121C663A8253AAB18D2C8659D879054261794DE0A4F765AB1D3826B427,3,PRESENT,Repository source registry entry
SRC-383,DB_MIGRATIONS,0004_admin_audit_ads.sql,database/migrations/0004_admin_audit_ads.sql,repo-current,709F39CDBFFF75AB9F7C26894556269522C782402105403D17512771FFE42C4A,3,PRESENT,Repository source registry entry
SRC-384,DB_MIGRATIONS,0005_auth_runtime.sql,database/migrations/0005_auth_runtime.sql,repo-current,7FD2C9582271BD2E38BB286D8564B71D43D3A20268809C05BB116C609527260E,3,PRESENT,Repository source registry entry
SRC-385,DB_MIGRATIONS,0006_user_support_tickets.sql,database/migrations/0006_user_support_tickets.sql,repo-current,F0661BEA11320EEF740E873A497C15F939102ECD242A6219EE5E1459EAB58827,3,PRESENT,Repository source registry entry
SRC-386,DB_MIGRATIONS,0007_user_privacy_actions.sql,database/migrations/0007_user_privacy_actions.sql,repo-current,183D168F397C311D555BC1B04B3EAA58077C708AFF8917CEF19461D52214D1C4,3,PRESENT,Repository source registry entry
SRC-387,DB_MIGRATIONS,0008_user_preferences_consents.sql,database/migrations/0008_user_preferences_consents.sql,repo-current,F202517C34EE39DC26257A87975CC5F832EDFB8DF2D07BDF74AB1E697C27C833,3,PRESENT,Repository source registry entry
SRC-388,DB_MIGRATIONS,0009_user_profile_fields.sql,database/migrations/0009_user_profile_fields.sql,repo-current,16F4B0468E8993C71CF6713740C96BE5782C3DCD861A162CE710D67DCB64764C,3,PRESENT,Repository source registry entry
SRC-389,DB_MIGRATIONS,0010_uploads_runtime_metadata.sql,database/migrations/0010_uploads_runtime_metadata.sql,repo-current,050AE911D72FA77D5349890EF1E3B62E90BD4B85444632BF83AF584B95E8ACEA,3,PRESENT,Repository source registry entry
SRC-390,DB_MIGRATIONS,0011_variable_expense_refund_amount.sql,database/migrations/0011_variable_expense_refund_amount.sql,repo-current,E45EB83A193546BE7D95AC57187CDD6CA889BA06569AA27DCB268B9A099854C3,3,PRESENT,Repository source registry entry
SRC-391,DB_MIGRATIONS,0012_growth_content_items.sql,database/migrations/0012_growth_content_items.sql,repo-current,B611AF704978072855539AD3E63A5BFFD478FD05ED0370C4AA61FBAF0236CE8D,3,PRESENT,Repository source registry entry
SRC-392,DB_MIGRATIONS,0013_force_rls_user_owned_tables.sql,database/migrations/0013_force_rls_user_owned_tables.sql,repo-current,DF1FD69B44B2FD3351C7E0E215BCE37F9B3BF7DA3ADF8D6EB7E4F7CCAB70BA0E,3,PRESENT,Repository source registry entry
SRC-393,DB_SCHEMA,community.schema.ts,packages/db/src/schema/community.schema.ts,repo-current,06C6C6113718FECCA6A9FD814FF474C9F13DCCBB35DBC471D9B78938CF94A632,3,PRESENT,Repository source registry entry
SRC-394,DB_SCHEMA,expenses.schema.ts,packages/db/src/schema/expenses.schema.ts,repo-current,124DA366DEE1CB00C37DA3FA2D676B7A774A147158A07108DEBAA9F96F079A3B,3,PRESENT,Repository source registry entry
SRC-395,DB_SCHEMA,growth.schema.ts,packages/db/src/schema/growth.schema.ts,repo-current,0D2416E7997CC3A793ADB425DD235F3CBABE46F447CC49055C1E5FB9C4A407FA,3,PRESENT,Repository source registry entry
SRC-396,DB_SCHEMA,notifications.schema.ts,packages/db/src/schema/notifications.schema.ts,repo-current,3AC1840187E255215DE288CB14DEE8A0AC7DE4DEECECD3483A6A4E85E492B089,3,PRESENT,Repository source registry entry
SRC-397,DB_SCHEMA,payroll.schema.ts,packages/db/src/schema/payroll.schema.ts,repo-current,6E8BF9750E407C02869136256249F10BF0BC8D7EBF90E67BF169626BD3EB6444,3,PRESENT,Repository source registry entry
SRC-398,DB_SCHEMA,users.schema.ts,packages/db/src/schema/users.schema.ts,repo-current,C2C3C621BD7A29F66E1033A4519A768DA19D5C11EB3414635C06AB29C7ED3107,3,PRESENT,Repository source registry entry
SRC-399,API_CONTRACT,package.json,packages/api-contract/package.json,repo-current,257B41D2027FAEF547723F11F195AE355691C831A1EE0A6332DEB854083A156C,3,PRESENT,Repository source registry entry
SRC-400,API_CONTRACT,README.md,packages/api-contract/README.md,repo-current,3E8F2B0187FC6FD77A992DD8AB0EBAD8FD0561B8907B556EBC72EC28049662E4,3,PRESENT,Repository source registry entry
SRC-401,API_CONTRACT,auth.schema.ts,packages/api-contract/src/auth/auth.schema.ts,repo-current,5ED97629C7C587298CA9D86BE54966FC767F014FD269515C38451BC9466B2A1C,3,PRESENT,Repository source registry entry
SRC-402,API_CONTRACT,error-code.schema.ts,packages/api-contract/src/common/error-code.schema.ts,repo-current,EC2BE4EF5C2FF449A1548729C54A79A255EEF2B77BE8897163282F8C41E8BF73,3,PRESENT,Repository source registry entry
SRC-403,API_CONTRACT,response.schema.ts,packages/api-contract/src/common/response.schema.ts,repo-current,D1D393BC09171B4AC2D0D9290BF354188797FB6B777D27CD7134F5033060EFF7,3,PRESENT,Repository source registry entry
SRC-404,API_CONTRACT,community.schema.test.ts,packages/api-contract/src/community/community.schema.test.ts,repo-current,FDA0FD9CBC5FC6314EE2DBD38B94C13DD4F1960F8CD62515E85F3DCA705FC596,3,PRESENT,Repository source registry entry
SRC-405,API_CONTRACT,community.schema.ts,packages/api-contract/src/community/community.schema.ts,repo-current,DD5EFACCB907F26DEF53124F22AD1ECD53ABCB8DA992CA99AD7B164EC652A745,3,PRESENT,Repository source registry entry
SRC-406,API_CONTRACT,index.ts,packages/api-contract/src/index.ts,repo-current,F8DD3A67EAFC3CE08AF3FF74A2151D50E8E2A849A445708BE29BFEECCBD58538,3,PRESENT,Repository source registry entry
SRC-407,API_CONTRACT,payroll.schema.ts,packages/api-contract/src/payroll/payroll.schema.ts,repo-current,F52842593FBE83E072BD6BBFAA5FDF20F5500CA1CA707A88391E00ACD9C9B425,3,PRESENT,Repository source registry entry
SRC-408,API_CONTRACT,tsconfig.json,packages/api-contract/tsconfig.json,repo-current,7E3A7E97651D001268A0BDC13D091C4A2A7D9D874F02E7B19257C0427244A00E,3,PRESENT,Repository source registry entry
SRC-409,SECURITY,privacy-impact-assessment.md,security/privacy-impact-assessment.md,repo-current,40C2CB3EE4DB5E9DF5B751B10CEEFCB5E6C138BE38E4E96CCC9B7B421FBF25A0,3,PRESENT,Repository source registry entry
SRC-410,SECURITY,README.md,security/README.md,repo-current,257B2BBF0AFB64AD4674B0CAF40A1F27394F8F01B9E5F7B8B07138E2C4A06823,3,PRESENT,Repository source registry entry
SRC-411,SECURITY,security-checklist.md,security/security-checklist.md,repo-current,8112D3F8BEEEBFBAC0CA497A6F82139689BE21688B4D2185FEF1F7037414550B,3,PRESENT,Repository source registry entry
SRC-412,SECURITY,threat-model.md,security/threat-model.md,repo-current,EDB97C38DA323519C08DA5BA2FD7BA7F6656E1E406331741601D45CAAA1794E8,3,PRESENT,Repository source registry entry
SRC-413,SECURITY,vulnerability-response.md,security/vulnerability-response.md,repo-current,17DC4455B52BDBC74EE84681E8EE5822F5A119DCAE369E0604CE3981AC4C335C,3,PRESENT,Repository source registry entry
SRC-414,SECURITY,SECURITY.md,SECURITY.md,repo-current,498ADE61FC1917C6DE973123481C2F1416040F679581BC8796A7BE0812116ACC,3,PRESENT,Repository security source
