folder,instance_code,primary_code,screen_name_ko,variant_slug,state_code,artifact_type,route_or_overlay,implementation_method,notes
stitch_salary_hijacking_design_system_classified/BS-001-V001__expense-category-selector,BS-001-V001,BS-001,,expense-category-selector,INPUT,bottom_sheet,overlay,,
stitch_salary_hijacking_design_system_classified/BS-001-V002__financial-institution-selector,BS-001-V002,BS-001,,financial-institution-selector,INPUT,bottom_sheet,overlay,,
stitch_salary_hijacking_design_system_classified/BS-002-V001__date-selection-collection,BS-002-V001,BS-002,,date-selection-collection,MULTI_STATE,multi_state_board,overlay,,
stitch_salary_hijacking_design_system_classified/BS-003-V001__recurrence-selector,BS-003-V001,BS-003,,recurrence-selector,INPUT,bottom_sheet,overlay,,
stitch_salary_hijacking_design_system_classified/BS-004-V001__file-photo-attachment,BS-004-V001,BS-004,,file-photo-attachment,UPLOADING,bottom_sheet,overlay,,
stitch_salary_hijacking_design_system_classified/BS-005-V001__certification-share-review,BS-005-V001,BS-005,,certification-share-review,SHARE_REVIEW,bottom_sheet,overlay,,
stitch_salary_hijacking_design_system_classified/BS-005-V002__share-standard-blocked,BS-005-V002,BS-005,,share-standard-blocked,MULTI_STATE,multi_state_board,overlay,,
stitch_salary_hijacking_design_system_classified/BS-005-V003__levelup-share-review,BS-005-V003,BS-005,,levelup-share-review,SHARE_REVIEW,bottom_sheet,overlay,,
stitch_salary_hijacking_design_system_classified/BS-006-V001__comment-report-reason,BS-006-V001,BS-006,,comment-report-reason,INPUT,bottom_sheet,overlay,,
stitch_salary_hijacking_design_system_classified/BS-006-V002__post-report-reason,BS-006-V002,BS-006,,post-report-reason,INPUT,bottom_sheet,overlay,,
stitch_salary_hijacking_design_system_classified/BS-006-V003__report-reason-selector,BS-006-V003,BS-006,,report-reason-selector,INPUT,bottom_sheet,overlay,,
stitch_salary_hijacking_design_system_classified/BS-007-V001__post-menu-collection,BS-007-V001,BS-007,,post-menu-collection,MULTI_STATE,multi_state_board,overlay,,
stitch_salary_hijacking_design_system_classified/BS-008-V001__sort-filter,BS-008-V001,BS-008,,sort-filter,INPUT,bottom_sheet,overlay,,
stitch_salary_hijacking_design_system_classified/BS-010-V001__visibility-selector,BS-010-V001,BS-010,,visibility-selector,INPUT,bottom_sheet,overlay,,
stitch_salary_hijacking_design_system_classified/BS-011-V001__draft-exit-state-board,BS-011-V001,BS-011,,draft-exit-state-board,MULTI_STATE,multi_state_board,overlay,,
stitch_salary_hijacking_design_system_classified/BS-012-V001__device-permission-guide,BS-012-V001,BS-012,,device-permission-guide,PERMISSION,bottom_sheet,overlay,,
stitch_salary_hijacking_design_system_classified/MOD-001-V001__payroll-amount-validation-error,MOD-001-V001,MOD-001,,payroll-amount-validation-error,ERROR,modal,overlay,,
stitch_salary_hijacking_design_system_classified/MOD-001-V002__salary-amount-check,MOD-001-V002,MOD-001,,salary-amount-check,ERROR,modal,overlay,,
stitch_salary_hijacking_design_system_classified/MOD-001-V003__amount-input-error,MOD-001-V003,MOD-001,,amount-input-error,ERROR,modal,overlay,,
stitch_salary_hijacking_design_system_classified/MOD-001-V004__monthly-budget-over-limit,MOD-001-V004,MOD-001,,monthly-budget-over-limit,ERROR,modal,overlay,,
stitch_salary_hijacking_design_system_classified/MOD-002-V001__fixed-expense-delete-confirm,MOD-002-V001,MOD-002,,fixed-expense-delete-confirm,CONFIRM,modal,overlay,,
stitch_salary_hijacking_design_system_classified/MOD-002-V002__expense-delete-confirm,MOD-002-V002,MOD-002,,expense-delete-confirm,CONFIRM,modal,overlay,,
stitch_salary_hijacking_design_system_classified/MOD-002-V003__expense-delete-confirm-alt,MOD-002-V003,MOD-002,,expense-delete-confirm-alt,CONFIRM,modal,overlay,,
stitch_salary_hijacking_design_system_classified/MOD-002-V004__deletion-processing,MOD-002-V004,MOD-002,,deletion-processing,PROCESSING,modal,overlay,,
stitch_salary_hijacking_design_system_classified/MOD-003-V001__plan-save-success,MOD-003-V001,MOD-003,,plan-save-success,SUCCESS,modal,overlay,,
stitch_salary_hijacking_design_system_classified/MOD-003-V002__plan-save-success-alt,MOD-003-V002,MOD-003,,plan-save-success-alt,SUCCESS,modal,overlay,,
stitch_salary_hijacking_design_system_classified/MOD-004-V001__budget-plan-warning,MOD-004-V001,MOD-004,,budget-plan-warning,WARNING,modal,overlay,,
stitch_salary_hijacking_design_system_classified/MOD-004-V002__daily-budget-overrun,MOD-004-V002,MOD-004,,daily-budget-overrun,WARNING,modal,overlay,,
stitch_salary_hijacking_design_system_classified/MOD-005-V001__news-mission-complete,MOD-005-V001,MOD-005,,news-mission-complete,SUCCESS,modal,overlay,,
stitch_salary_hijacking_design_system_classified/MOD-005-V002__reading-mission-complete,MOD-005-V002,MOD-005,,reading-mission-complete,SUCCESS,modal,overlay,,
stitch_salary_hijacking_design_system_classified/MOD-005-V003__health-already-complete,MOD-005-V003,MOD-005,,health-already-complete,COMPLETED,modal,overlay,,
stitch_salary_hijacking_design_system_classified/MOD-005-V004__news-already-complete,MOD-005-V004,MOD-005,,news-already-complete,COMPLETED,modal,overlay,,
stitch_salary_hijacking_design_system_classified/MOD-005-V005__reading-already-complete,MOD-005-V005,MOD-005,,reading-already-complete,COMPLETED,modal,overlay,,
stitch_salary_hijacking_design_system_classified/MOD-005-V006__workout-record-complete,MOD-005-V006,MOD-005,,workout-record-complete,SUCCESS,modal,overlay,,
stitch_salary_hijacking_design_system_classified/MOD-005-V007__mission-complete-xp,MOD-005-V007,MOD-005,,mission-complete-xp,SUCCESS,modal,overlay,,
stitch_salary_hijacking_design_system_classified/MOD-005-V008__xp-result-state-board,MOD-005-V008,MOD-005,,xp-result-state-board,MULTI_STATE,multi_state_board,overlay,,
stitch_salary_hijacking_design_system_classified/MOD-006-V001__health-levelup,MOD-006-V001,MOD-006,,health-levelup,SUCCESS,modal,overlay,,
stitch_salary_hijacking_design_system_classified/MOD-006-V002__english-levelup-share,MOD-006-V002,MOD-006,,english-levelup-share,SUCCESS,modal,overlay,,
stitch_salary_hijacking_design_system_classified/MOD-006-V003__reading-levelup,MOD-006-V003,MOD-006,,reading-levelup,SUCCESS,modal,overlay,,
stitch_salary_hijacking_design_system_classified/MOD-006-V004__levelup-celebration,MOD-006-V004,MOD-006,,levelup-celebration,SUCCESS,modal,overlay,,
stitch_salary_hijacking_design_system_classified/MOD-006-V005__levelup-result,MOD-006-V005,MOD-006,,levelup-result,SUCCESS,modal,overlay,,
stitch_salary_hijacking_design_system_classified/MOD-007-V001__post-registration-result-board,MOD-007-V001,MOD-007,,post-registration-result-board,MULTI_STATE,multi_state_board,overlay,,
stitch_salary_hijacking_design_system_classified/MOD-008-V001__report-result-board,MOD-008-V001,MOD-008,,report-result-board,MULTI_STATE,multi_state_board,overlay,,
stitch_salary_hijacking_design_system_classified/MOD-008-V002__comment-report-success,MOD-008-V002,MOD-008,,comment-report-success,SUCCESS,modal,overlay,,
stitch_salary_hijacking_design_system_classified/MOD-009-V001__logout-confirm,MOD-009-V001,MOD-009,,logout-confirm,CONFIRM,modal,overlay,,
stitch_salary_hijacking_design_system_classified/MOD-010-V001__withdrawal-final-confirm,MOD-010-V001,MOD-010,,withdrawal-final-confirm,CONFIRM,modal,overlay,,
stitch_salary_hijacking_design_system_classified/SCR-001-V001__brand-loading,SCR-001-V001,SCR-001,,brand-loading,LOADING,screen,/splash,,
stitch_salary_hijacking_design_system_classified/SCR-001-V002__login-state-check,SCR-001-V002,SCR-001,,login-state-check,LOADING,screen,/splash,,
stitch_salary_hijacking_design_system_classified/SCR-001-V003__brand-loading-alt,SCR-001-V003,SCR-001,,brand-loading-alt,LOADING,screen,/splash,,
stitch_salary_hijacking_design_system_classified/SCR-001-V004__splash-static,SCR-001-V004,SCR-001,,splash-static,DEFAULT,screen,/splash,,
stitch_salary_hijacking_design_system_classified/SCR-001-V005__splash-static-alt,SCR-001-V005,SCR-001,,splash-static-alt,DEFAULT,screen,/splash,,
stitch_salary_hijacking_design_system_classified/SCR-001-V006__splash-default,SCR-001-V006,SCR-001,,splash-default,DEFAULT,screen,/splash,,
stitch_salary_hijacking_design_system_classified/SCR-001-V007__splash-default-alt,SCR-001-V007,SCR-001,,splash-default-alt,DEFAULT,screen,/splash,,
stitch_salary_hijacking_design_system_classified/SCR-001-V008__auth-check,SCR-001-V008,SCR-001,,auth-check,LOADING,screen,/splash,,
stitch_salary_hijacking_design_system_classified/SCR-002-V001__password-login,SCR-002-V001,SCR-002,,password-login,DEFAULT,screen,/auth/login,,
stitch_salary_hijacking_design_system_classified/SCR-002-V002__social-login,SCR-002-V002,SCR-002,,social-login,DEFAULT,screen,/auth/login,,
stitch_salary_hijacking_design_system_classified/SCR-002-V003__login-credential-error,SCR-002-V003,SCR-002,,login-credential-error,ERROR,screen,/auth/login,,
stitch_salary_hijacking_design_system_classified/SCR-002-V004__password-recovery,SCR-002-V004,SCR-002,,password-recovery,INPUT,screen,/auth/login,,
stitch_salary_hijacking_design_system_classified/SCR-002-V005__login-default-alt,SCR-002-V005,SCR-002,,login-default-alt,DEFAULT,screen,/auth/login,,
stitch_salary_hijacking_design_system_classified/SCR-002-V006__logout-complete,SCR-002-V006,SCR-002,,logout-complete,SUCCESS,screen,/auth/login,,
stitch_salary_hijacking_design_system_classified/SCR-003-V001__signup-review,SCR-003-V001,SCR-003,,signup-review,REVIEW,screen,/auth/signup,,
stitch_salary_hijacking_design_system_classified/SCR-003-V002__account-info,SCR-003-V002,SCR-003,,account-info,INPUT,screen,/auth/signup,,
stitch_salary_hijacking_design_system_classified/SCR-003-V003__social-signup-info,SCR-003-V003,SCR-003,,social-signup-info,INPUT,screen,/auth/signup,,
stitch_salary_hijacking_design_system_classified/SCR-003-V004__signup-welcome,SCR-003-V004,SCR-003,,signup-welcome,ONBOARDING,screen,/auth/signup,,
stitch_salary_hijacking_design_system_classified/SCR-003-V005__phone-number-step,SCR-003-V005,SCR-003,,phone-number-step,INPUT,screen,/auth/signup,,
stitch_salary_hijacking_design_system_classified/SCR-003-V006__password-creation,SCR-003-V006,SCR-003,,password-creation,INPUT,screen,/auth/signup,,
stitch_salary_hijacking_design_system_classified/SCR-003-V007__identity-verification,SCR-003-V007,SCR-003,,identity-verification,INPUT,screen,/auth/signup,,
stitch_salary_hijacking_design_system_classified/SCR-003-V008__account-info-alt,SCR-003-V008,SCR-003,,account-info-alt,INPUT,screen,/auth/signup,,
stitch_salary_hijacking_design_system_classified/SCR-003-V009__signup-complete,SCR-003-V009,SCR-003,,signup-complete,SUCCESS,screen,/auth/signup,,
stitch_salary_hijacking_design_system_classified/SCR-004-V001__salary-amount-keypad,SCR-004-V001,SCR-004,,salary-amount-keypad,INPUT,screen,/onboarding/payroll,,
stitch_salary_hijacking_design_system_classified/SCR-004-V002__expected-salary-step,SCR-004-V002,SCR-004,,expected-salary-step,INPUT,screen,/onboarding/payroll,,
stitch_salary_hijacking_design_system_classified/SCR-004-V003__onboarding-intro,SCR-004-V003,SCR-004,,onboarding-intro,ONBOARDING,screen,/onboarding/payroll,,
stitch_salary_hijacking_design_system_classified/SCR-004-V004__onboarding-intro-alt,SCR-004-V004,SCR-004,,onboarding-intro-alt,ONBOARDING,screen,/onboarding/payroll,,
stitch_salary_hijacking_design_system_classified/SCR-004-V005__daily-budget-step,SCR-004-V005,SCR-004,,daily-budget-step,INPUT,screen,/onboarding/payroll,,
stitch_salary_hijacking_design_system_classified/SCR-004-V006__plan-review,SCR-004-V006,SCR-004,,plan-review,REVIEW,screen,/onboarding/payroll,,
stitch_salary_hijacking_design_system_classified/SCR-004-V007__payday-step,SCR-004-V007,SCR-004,,payday-step,INPUT,screen,/onboarding/payroll,,
stitch_salary_hijacking_design_system_classified/SCR-004-V008__onboarding-complete,SCR-004-V008,SCR-004,,onboarding-complete,SUCCESS,screen,/onboarding/payroll,,
stitch_salary_hijacking_design_system_classified/SCR-004-V009__fixed-expense-step,SCR-004-V009,SCR-004,,fixed-expense-step,INPUT,screen,/onboarding/payroll,,
stitch_salary_hijacking_design_system_classified/SCR-004-V010__fixed-savings-step,SCR-004-V010,SCR-004,,fixed-savings-step,INPUT,screen,/onboarding/payroll,,
stitch_salary_hijacking_design_system_classified/SCR-005-V001__budget-overrun-inline,SCR-005-V001,SCR-005,,budget-overrun-inline,WARNING,screen,/salary,,
stitch_salary_hijacking_design_system_classified/SCR-005-V002__salary-home-default,SCR-005-V002,SCR-005,,salary-home-default,DEFAULT,screen,/salary,,
stitch_salary_hijacking_design_system_classified/SCR-005-V003__no-plan,SCR-005-V003,SCR-005,,no-plan,EMPTY,screen,/salary,,
stitch_salary_hijacking_design_system_classified/SCR-005-V004__salary-home-compact,SCR-005-V004,SCR-005,,salary-home-compact,DEFAULT,screen,/salary,,
stitch_salary_hijacking_design_system_classified/SCR-005-V005__salary-home-detailed,SCR-005-V005,SCR-005,,salary-home-detailed,DEFAULT,screen,/salary,,
stitch_salary_hijacking_design_system_classified/SCR-005-V006__offline-preview,SCR-005-V006,SCR-005,,offline-preview,OFFLINE,screen,/salary,,
stitch_salary_hijacking_design_system_classified/SCR-006-V001__edit-status-management,SCR-006-V001,SCR-006,,edit-status-management,EDIT,screen,/expenses/:expenseId?,,
stitch_salary_hijacking_design_system_classified/SCR-006-V002__refund-processing,SCR-006-V002,SCR-006,,refund-processing,EDIT,screen,/expenses/:expenseId?,,
stitch_salary_hijacking_design_system_classified/SCR-006-V003__add-expense,SCR-006-V003,SCR-006,,add-expense,ADD,screen,/expenses/:expenseId?,,
stitch_salary_hijacking_design_system_classified/SCR-006-V004__delete-not-allowed,SCR-006-V004,SCR-006,,delete-not-allowed,BLOCKED,modal,/expenses/:expenseId?,,
stitch_salary_hijacking_design_system_classified/SCR-006-V005__invalidate-confirm,SCR-006-V005,SCR-006,,invalidate-confirm,CONFIRM,modal,/expenses/:expenseId?,,
stitch_salary_hijacking_design_system_classified/SCR-006-V006__add-expense-detail,SCR-006-V006,SCR-006,,add-expense-detail,ADD,screen,/expenses/:expenseId?,,
stitch_salary_hijacking_design_system_classified/SCR-006-V007__refund-form,SCR-006-V007,SCR-006,,refund-form,INPUT,screen,/expenses/:expenseId?,,
stitch_salary_hijacking_design_system_classified/SCR-006-V008__add-expense-compact,SCR-006-V008,SCR-006,,add-expense-compact,ADD,screen,/expenses/:expenseId?,,
stitch_salary_hijacking_design_system_classified/SCR-006-V009__delete-failure,SCR-006-V009,SCR-006,,delete-failure,ERROR,modal,/expenses/:expenseId?,,
stitch_salary_hijacking_design_system_classified/SCR-006-V010__invalidate-reason,SCR-006-V010,SCR-006,,invalidate-reason,INPUT,bottom_sheet,/expenses/:expenseId?,,
stitch_salary_hijacking_design_system_classified/SCR-006-V011__add-expense-empty,SCR-006-V011,SCR-006,,add-expense-empty,INPUT,screen,/expenses/:expenseId?,,
stitch_salary_hijacking_design_system_classified/SCR-006-V012__add-expense-validation,SCR-006-V012,SCR-006,,add-expense-validation,INPUT,screen,/expenses/:expenseId?,,
stitch_salary_hijacking_design_system_classified/SCR-006-V013__edit-status-management-alt,SCR-006-V013,SCR-006,,edit-status-management-alt,EDIT,screen,/expenses/:expenseId?,,
stitch_salary_hijacking_design_system_classified/SCR-006-V014__add-expense-mobile,SCR-006-V014,SCR-006,,add-expense-mobile,ADD,screen,/expenses/:expenseId?,,
stitch_salary_hijacking_design_system_classified/SCR-007-V001__no-new-notifications,SCR-007-V001,SCR-007,,no-new-notifications,EMPTY,screen,/notifications,,
stitch_salary_hijacking_design_system_classified/SCR-007-V002__all-read,SCR-007-V002,SCR-007,,all-read,ALL_READ,screen,/notifications,,
stitch_salary_hijacking_design_system_classified/SCR-007-V003__notification-list,SCR-007-V003,SCR-007,,notification-list,DEFAULT,screen,/notifications,,
stitch_salary_hijacking_design_system_classified/SCR-007-V004__salary-career-notifications,SCR-007-V004,SCR-007,,salary-career-notifications,DEFAULT,screen,/notifications,,
stitch_salary_hijacking_design_system_classified/SCR-007-V005__offline-preview,SCR-007-V005,SCR-007,,offline-preview,OFFLINE,screen,/notifications,,
stitch_salary_hijacking_design_system_classified/SCR-007-V006__no-unread-with-list,SCR-007-V006,SCR-007,,no-unread-with-list,EMPTY,screen,/notifications,,
stitch_salary_hijacking_design_system_classified/SCR-007-V007__notifications-empty,SCR-007-V007,SCR-007,,notifications-empty,EMPTY,screen,/notifications,,
stitch_salary_hijacking_design_system_classified/SCR-007-V008__notification-load-error,SCR-007-V008,SCR-007,,notification-load-error,ERROR,screen,/notifications,,
stitch_salary_hijacking_design_system_classified/SCR-007-V009__notifications-empty-alt,SCR-007-V009,SCR-007,,notifications-empty-alt,EMPTY,screen,/notifications,,
stitch_salary_hijacking_design_system_classified/SCR-008-V001__current-plan-summary,SCR-008-V001,SCR-008,,current-plan-summary,DEFAULT,screen,/plan,,
stitch_salary_hijacking_design_system_classified/SCR-008-V002__budget-summary-alt,SCR-008-V002,SCR-008,,budget-summary-alt,SUMMARY,screen,/plan,,
stitch_salary_hijacking_design_system_classified/SCR-008-V003__salary-info-edit,SCR-008-V003,SCR-008,,salary-info-edit,EDIT,screen,/plan,,
stitch_salary_hijacking_design_system_classified/SCR-008-V004__plan-default,SCR-008-V004,SCR-008,,plan-default,DEFAULT,screen,/plan,,
stitch_salary_hijacking_design_system_classified/SCR-008-V005__previous-plan-picker,SCR-008-V005,SCR-008,,previous-plan-picker,INPUT,modal,/plan,,
stitch_salary_hijacking_design_system_classified/SCR-008-V006__plan-empty,SCR-008-V006,SCR-008,,plan-empty,EMPTY,screen,/plan,,
stitch_salary_hijacking_design_system_classified/SCR-008-V007__budget-detail-summary,SCR-008-V007,SCR-008,,budget-detail-summary,SUMMARY,screen,/plan,,
stitch_salary_hijacking_design_system_classified/SCR-008-V008__plan-validation-warning,SCR-008-V008,SCR-008,,plan-validation-warning,WARNING,screen,/plan,,
stitch_salary_hijacking_design_system_classified/SCR-009-V001__saving,SCR-009-V001,SCR-009,,saving,SAVING,screen,/plan/fixed-expenses/:fixedExpenseId?,,
stitch_salary_hijacking_design_system_classified/SCR-009-V002__edit-inactive,SCR-009-V002,SCR-009,,edit-inactive,EDIT,screen,/plan/fixed-expenses/:fixedExpenseId?,,
stitch_salary_hijacking_design_system_classified/SCR-009-V003__add-fixed-expense,SCR-009-V003,SCR-009,,add-fixed-expense,ADD,screen,/plan/fixed-expenses/:fixedExpenseId?,,
stitch_salary_hijacking_design_system_classified/SCR-009-V004__save-failure,SCR-009-V004,SCR-009,,save-failure,ERROR,screen,/plan/fixed-expenses/:fixedExpenseId?,,
stitch_salary_hijacking_design_system_classified/SCR-009-V005__register-fixed-expense,SCR-009-V005,SCR-009,,register-fixed-expense,ADD,screen,/plan/fixed-expenses/:fixedExpenseId?,,
stitch_salary_hijacking_design_system_classified/SCR-009-V006__add-fixed-expense-detailed,SCR-009-V006,SCR-009,,add-fixed-expense-detailed,ADD,screen,/plan/fixed-expenses/:fixedExpenseId?,,
stitch_salary_hijacking_design_system_classified/SCR-009-V007__edit-fixed-expense,SCR-009-V007,SCR-009,,edit-fixed-expense,EDIT,screen,/plan/fixed-expenses/:fixedExpenseId?,,
stitch_salary_hijacking_design_system_classified/SCR-010-V001__add-goal,SCR-010-V001,SCR-010,,add-goal,ADD,screen,/plan/fixed-savings/:fixedSavingId?,,
stitch_salary_hijacking_design_system_classified/SCR-010-V002__add-savings-goal,SCR-010-V002,SCR-010,,add-savings-goal,ADD,screen,/plan/fixed-savings/:fixedSavingId?,,
stitch_salary_hijacking_design_system_classified/SCR-010-V003__add-savings,SCR-010-V003,SCR-010,,add-savings,ADD,screen,/plan/fixed-savings/:fixedSavingId?,,
stitch_salary_hijacking_design_system_classified/SCR-010-V004__add-investment,SCR-010-V004,SCR-010,,add-investment,ADD,screen,/plan/fixed-savings/:fixedSavingId?,,
stitch_salary_hijacking_design_system_classified/SCR-010-V005__saving,SCR-010-V005,SCR-010,,saving,SAVING,screen,/plan/fixed-savings/:fixedSavingId?,,
stitch_salary_hijacking_design_system_classified/SCR-010-V006__save-failure,SCR-010-V006,SCR-010,,save-failure,ERROR,screen,/plan/fixed-savings/:fixedSavingId?,,
stitch_salary_hijacking_design_system_classified/SCR-010-V007__edit-savings,SCR-010-V007,SCR-010,,edit-savings,EDIT,screen,/plan/fixed-savings/:fixedSavingId?,,
stitch_salary_hijacking_design_system_classified/SCR-010-V008__edit-inactive,SCR-010-V008,SCR-010,,edit-inactive,EDIT,screen,/plan/fixed-savings/:fixedSavingId?,,
stitch_salary_hijacking_design_system_classified/SCR-010-V009__delete-confirm,SCR-010-V009,SCR-010,,delete-confirm,CONFIRM,modal,/plan/fixed-savings/:fixedSavingId?,,
stitch_salary_hijacking_design_system_classified/SCR-011-V001__save-failure,SCR-011-V001,SCR-011,,save-failure,ERROR,screen,/plan/daily-budget,,
stitch_salary_hijacking_design_system_classified/SCR-011-V002__daily-budget-input,SCR-011-V002,SCR-011,,daily-budget-input,INPUT,screen,/plan/daily-budget,,
stitch_salary_hijacking_design_system_classified/SCR-011-V003__saving,SCR-011-V003,SCR-011,,saving,SAVING,screen,/plan/daily-budget,,
stitch_salary_hijacking_design_system_classified/SCR-011-V004__daily-budget-settings,SCR-011-V004,SCR-011,,daily-budget-settings,DEFAULT,screen,/plan/daily-budget,,
stitch_salary_hijacking_design_system_classified/SCR-011-V005__daily-budget-alt,SCR-011-V005,SCR-011,,daily-budget-alt,DEFAULT,screen,/plan/daily-budget,,
stitch_salary_hijacking_design_system_classified/SCR-011-V006__weekday-weekend-budget,SCR-011-V006,SCR-011,,weekday-weekend-budget,DEFAULT,screen,/plan/daily-budget,,
stitch_salary_hijacking_design_system_classified/SCR-011-V007__saving-alt,SCR-011-V007,SCR-011,,saving-alt,SAVING,screen,/plan/daily-budget,,
stitch_salary_hijacking_design_system_classified/SCR-012-V001__mission-status-board,SCR-012-V001,SCR-012,,mission-status-board,MULTI_STATE,multi_state_board,/lv-up,,
stitch_salary_hijacking_design_system_classified/SCR-012-V002__home-default,SCR-012-V002,SCR-012,,home-default,DEFAULT,screen,/lv-up,,
stitch_salary_hijacking_design_system_classified/SCR-012-V003__record-pending,SCR-012-V003,SCR-012,,record-pending,PENDING,screen,/lv-up,,
stitch_salary_hijacking_design_system_classified/SCR-012-V004__mission-start-confirm,SCR-012-V004,SCR-012,,mission-start-confirm,CONFIRM,modal,/lv-up,,
stitch_salary_hijacking_design_system_classified/SCR-012-V005__quick-mission-detail,SCR-012-V005,SCR-012,,quick-mission-detail,DETAIL,screen,/lv-up,,
stitch_salary_hijacking_design_system_classified/SCR-012-V006__load-error,SCR-012-V006,SCR-012,,load-error,ERROR,screen,/lv-up,,
stitch_salary_hijacking_design_system_classified/SCR-012-V007__no-content,SCR-012-V007,SCR-012,,no-content,EMPTY,screen,/lv-up,,
stitch_salary_hijacking_design_system_classified/SCR-012-V008__all-daily-complete,SCR-012-V008,SCR-012,,all-daily-complete,COMPLETED,screen,/lv-up,,
stitch_salary_hijacking_design_system_classified/SCR-012-V009__main-default,SCR-012-V009,SCR-012,,main-default,DEFAULT,screen,/lv-up,,
stitch_salary_hijacking_design_system_classified/SCR-012-V010__mission-progress,SCR-012-V010,SCR-012,,mission-progress,IN_PROGRESS,screen,/lv-up,,
stitch_salary_hijacking_design_system_classified/SCR-012-V011__recommendations,SCR-012-V011,SCR-012,,recommendations,DEFAULT,screen,/lv-up,,
stitch_salary_hijacking_design_system_classified/SCR-013-V001__reading-home,SCR-013-V001,SCR-013,,reading-home,DEFAULT,screen,/lv-up/reading,,
stitch_salary_hijacking_design_system_classified/SCR-013-V002__source-unavailable,SCR-013-V002,SCR-013,,source-unavailable,ERROR,screen,/lv-up/reading,,
stitch_salary_hijacking_design_system_classified/SCR-013-V003__certification-share-review,SCR-013-V003,SCR-013,,certification-share-review,SHARE_REVIEW,screen,/lv-up/reading,,
stitch_salary_hijacking_design_system_classified/SCR-013-V004__book-detail,SCR-013-V004,SCR-013,,book-detail,DETAIL,screen,/lv-up/reading,,
stitch_salary_hijacking_design_system_classified/SCR-013-V005__reading-flow,SCR-013-V005,SCR-013,,reading-flow,FLOW,flow_board,/lv-up/reading,,
stitch_salary_hijacking_design_system_classified/SCR-013-V006__reading-record-flow,SCR-013-V006,SCR-013,,reading-record-flow,FLOW,flow_board,/lv-up/reading,,
stitch_salary_hijacking_design_system_classified/SCR-013-V007__recommendation-error-empty,SCR-013-V007,SCR-013,,recommendation-error-empty,MULTI_STATE,multi_state_board,/lv-up/reading,,
stitch_salary_hijacking_design_system_classified/SCR-013-V008__reading-start-confirm,SCR-013-V008,SCR-013,,reading-start-confirm,CONFIRM,modal,/lv-up/reading,,
stitch_salary_hijacking_design_system_classified/SCR-013-V009__reading-in-progress,SCR-013-V009,SCR-013,,reading-in-progress,IN_PROGRESS,screen,/lv-up/reading,,
stitch_salary_hijacking_design_system_classified/SCR-014-V001__news-mission-flow,SCR-014-V001,SCR-014,,news-mission-flow,FLOW,flow_board,/lv-up/news,,
stitch_salary_hijacking_design_system_classified/SCR-014-V002__share-review,SCR-014-V002,SCR-014,,share-review,SHARE_REVIEW,screen,/lv-up/news,,
stitch_salary_hijacking_design_system_classified/SCR-014-V003__perspective-comparison,SCR-014-V003,SCR-014,,perspective-comparison,DETAIL,screen,/lv-up/news,,
stitch_salary_hijacking_design_system_classified/SCR-014-V004__offline-preview,SCR-014-V004,SCR-014,,offline-preview,OFFLINE,screen,/lv-up/news,,
stitch_salary_hijacking_design_system_classified/SCR-014-V005__news-flow,SCR-014-V005,SCR-014,,news-flow,FLOW,flow_board,/lv-up/news,,
stitch_salary_hijacking_design_system_classified/SCR-014-V006__record-input,SCR-014-V006,SCR-014,,record-input,INPUT,screen,/lv-up/news,,
stitch_salary_hijacking_design_system_classified/SCR-014-V007__content-load-error,SCR-014-V007,SCR-014,,content-load-error,ERROR,screen,/lv-up/news,,
stitch_salary_hijacking_design_system_classified/SCR-014-V008__issue-detail,SCR-014-V008,SCR-014,,issue-detail,DETAIL,screen,/lv-up/news,,
stitch_salary_hijacking_design_system_classified/SCR-015-V001__daily-english-detail,SCR-015-V001,SCR-015,,daily-english-detail,DETAIL,screen,/lv-up/english,,
stitch_salary_hijacking_design_system_classified/SCR-015-V002__english-learning-flow,SCR-015-V002,SCR-015,,english-learning-flow,FLOW,flow_board,/lv-up/english,,
stitch_salary_hijacking_design_system_classified/SCR-015-V003__english-home,SCR-015-V003,SCR-015,,english-home,DEFAULT,screen,/lv-up/english,,
stitch_salary_hijacking_design_system_classified/SCR-015-V004__record-success-flow,SCR-015-V004,SCR-015,,record-success-flow,FLOW,flow_board,/lv-up/english,,
stitch_salary_hijacking_design_system_classified/SCR-015-V005__learning-session-flow,SCR-015-V005,SCR-015,,learning-session-flow,FLOW,flow_board,/lv-up/english,,
stitch_salary_hijacking_design_system_classified/SCR-016-V001__pre-workout-safety-check,SCR-016-V001,SCR-016,,pre-workout-safety-check,CHECK,screen,/lv-up/health,,
stitch_salary_hijacking_design_system_classified/SCR-016-V002__offline-cached-routine,SCR-016-V002,SCR-016,,offline-cached-routine,OFFLINE,screen,/lv-up/health,,
stitch_salary_hijacking_design_system_classified/SCR-016-V003__health-home,SCR-016-V003,SCR-016,,health-home,DEFAULT,screen,/lv-up/health,,
stitch_salary_hijacking_design_system_classified/SCR-016-V004__workout-detail,SCR-016-V004,SCR-016,,workout-detail,DETAIL,screen,/lv-up/health,,
stitch_salary_hijacking_design_system_classified/SCR-016-V005__safety-info-unavailable,SCR-016-V005,SCR-016,,safety-info-unavailable,ERROR,screen,/lv-up/health,,
stitch_salary_hijacking_design_system_classified/SCR-016-V006__content-load-error,SCR-016-V006,SCR-016,,content-load-error,ERROR,screen,/lv-up/health,,
stitch_salary_hijacking_design_system_classified/SCR-016-V007__workout-in-progress,SCR-016-V007,SCR-016,,workout-in-progress,IN_PROGRESS,screen,/lv-up/health,,
stitch_salary_hijacking_design_system_classified/SCR-016-V008__workout-flow,SCR-016-V008,SCR-016,,workout-flow,FLOW,flow_board,/lv-up/health,,
stitch_salary_hijacking_design_system_classified/SCR-016-V009__workout-record,SCR-016-V009,SCR-016,,workout-record,INPUT,screen,/lv-up/health,,
stitch_salary_hijacking_design_system_classified/SCR-016-V010__health-flow,SCR-016-V010,SCR-016,,health-flow,FLOW,flow_board,/lv-up/health,,
stitch_salary_hijacking_design_system_classified/SCR-017-V001__community-state-board-ko,SCR-017-V001,SCR-017,,community-state-board-ko,MULTI_STATE,multi_state_board,/community,,
stitch_salary_hijacking_design_system_classified/SCR-017-V002__community-state-board-en-tabs,SCR-017-V002,SCR-017,,community-state-board-en-tabs,MULTI_STATE,multi_state_board,/community,,
stitch_salary_hijacking_design_system_classified/SCR-017-V003__community-offline-moderation-board,SCR-017-V003,SCR-017,,community-offline-moderation-board,OFFLINE,multi_state_board,/community,,
stitch_salary_hijacking_design_system_classified/SCR-017-V004__community-state-board,SCR-017-V004,SCR-017,,community-state-board,MULTI_STATE,multi_state_board,/community,,
stitch_salary_hijacking_design_system_classified/SCR-017-V005__hobby-board,SCR-017-V005,SCR-017,,hobby-board,DEFAULT,screen,/community,,
stitch_salary_hijacking_design_system_classified/SCR-017-V006__levelup-board,SCR-017-V006,SCR-017,,levelup-board,DEFAULT,screen,/community,,
stitch_salary_hijacking_design_system_classified/SCR-017-V007__community-default,SCR-017-V007,SCR-017,,community-default,DEFAULT,screen,/community,,
stitch_salary_hijacking_design_system_classified/SCR-017-V008__search-results,SCR-017-V008,SCR-017,,search-results,SEARCH_RESULTS,screen,/community,,
stitch_salary_hijacking_design_system_classified/SCR-017-V009__free-board-alt,SCR-017-V009,SCR-017,,free-board-alt,DEFAULT,screen,/community,,
stitch_salary_hijacking_design_system_classified/SCR-018-V001__post-detail-with-comments,SCR-018-V001,SCR-018,,post-detail-with-comments,DEFAULT,screen,/community/posts/:postId,,
stitch_salary_hijacking_design_system_classified/SCR-018-V002__offline-preview,SCR-018-V002,SCR-018,,offline-preview,OFFLINE,screen,/community/posts/:postId,,
stitch_salary_hijacking_design_system_classified/SCR-018-V003__community-post-detail,SCR-018-V003,SCR-018,,community-post-detail,DEFAULT,screen,/community/posts/:postId,,
stitch_salary_hijacking_design_system_classified/SCR-018-V004__commenting-restricted,SCR-018-V004,SCR-018,,commenting-restricted,RESTRICTED,screen,/community/posts/:postId,,
stitch_salary_hijacking_design_system_classified/SCR-018-V005__certification-post-detail,SCR-018-V005,SCR-018,,certification-post-detail,DEFAULT,screen,/community/posts/:postId,,
stitch_salary_hijacking_design_system_classified/SCR-018-V006__own-post-menu,SCR-018-V006,SCR-018,,own-post-menu,MENU,bottom_sheet,/community/posts/:postId,,
stitch_salary_hijacking_design_system_classified/SCR-018-V007__blocked-user-post,SCR-018-V007,SCR-018,,blocked-user-post,BLOCKED,screen,/community/posts/:postId,,
stitch_salary_hijacking_design_system_classified/SCR-018-V008__hidden-by-policy,SCR-018-V008,SCR-018,,hidden-by-policy,HIDDEN,screen,/community/posts/:postId,,
stitch_salary_hijacking_design_system_classified/SCR-018-V009__post-detail-comments,SCR-018-V009,SCR-018,,post-detail-comments,DEFAULT,screen,/community/posts/:postId,,
stitch_salary_hijacking_design_system_classified/SCR-018-V010__load-error,SCR-018-V010,SCR-018,,load-error,ERROR,screen,/community/posts/:postId,,
stitch_salary_hijacking_design_system_classified/SCR-018-V011__sensitive-data-warning,SCR-018-V011,SCR-018,,sensitive-data-warning,WARNING,modal,/community/posts/:postId,,
stitch_salary_hijacking_design_system_classified/SCR-018-V012__report-review-pending,SCR-018-V012,SCR-018,,report-review-pending,REVIEWING,screen,/community/posts/:postId,,
stitch_salary_hijacking_design_system_classified/SCR-018-V013__post-detail-hobby,SCR-018-V013,SCR-018,,post-detail-hobby,DEFAULT,screen,/community/posts/:postId,,
stitch_salary_hijacking_design_system_classified/SCR-018-V014__deleted-post,SCR-018-V014,SCR-018,,deleted-post,DELETED,screen,/community/posts/:postId,,
stitch_salary_hijacking_design_system_classified/SCR-018-V015__community-restricted,SCR-018-V015,SCR-018,,community-restricted,RESTRICTED,screen,/community/posts/:postId,,
stitch_salary_hijacking_design_system_classified/SCR-019-V001__compose-with-attachments,SCR-019-V001,SCR-019,,compose-with-attachments,UPLOADING,screen,/community/write,,
stitch_salary_hijacking_design_system_classified/SCR-019-V002__sensitive-data-warning,SCR-019-V002,SCR-019,,sensitive-data-warning,WARNING,modal,/community/write,,
stitch_salary_hijacking_design_system_classified/SCR-019-V003__writing-restricted,SCR-019-V003,SCR-019,,writing-restricted,RESTRICTED,screen,/community/write,,
stitch_salary_hijacking_design_system_classified/SCR-019-V004__compose-draft,SCR-019-V004,SCR-019,,compose-draft,DRAFT,screen,/community/write,,
stitch_salary_hijacking_design_system_classified/SCR-019-V005__draft-recovery,SCR-019-V005,SCR-019,,draft-recovery,CONFIRM,modal,/community/write,,
stitch_salary_hijacking_design_system_classified/SCR-019-V006__compose-from-levelup,SCR-019-V006,SCR-019,,compose-from-levelup,INPUT,screen,/community/write,,
stitch_salary_hijacking_design_system_classified/SCR-019-V007__validation-state-board,SCR-019-V007,SCR-019,,validation-state-board,MULTI_STATE,multi_state_board,/community/write,,
stitch_salary_hijacking_design_system_classified/SCR-019-V008__compose-default,SCR-019-V008,SCR-019,,compose-default,DEFAULT,screen,/community/write,,
stitch_salary_hijacking_design_system_classified/SCR-019-V009__compose-question-anonymous,SCR-019-V009,SCR-019,,compose-question-anonymous,INPUT,screen,/community/write,,
stitch_salary_hijacking_design_system_classified/SCR-020-V001__comments-load-error,SCR-020-V001,SCR-020,,comments-load-error,ERROR,screen,/community/posts/:postId/comments,,
stitch_salary_hijacking_design_system_classified/SCR-020-V002__comment-delete-confirm,SCR-020-V002,SCR-020,,comment-delete-confirm,CONFIRM,modal,/community/posts/:postId/comments,,
stitch_salary_hijacking_design_system_classified/SCR-020-V003__edit-comment,SCR-020-V003,SCR-020,,edit-comment,EDIT,screen,/community/posts/:postId/comments,,
stitch_salary_hijacking_design_system_classified/SCR-020-V004__reply-compose,SCR-020-V004,SCR-020,,reply-compose,INPUT,screen,/community/posts/:postId/comments,,
stitch_salary_hijacking_design_system_classified/SCR-020-V005__replies-expanded,SCR-020-V005,SCR-020,,replies-expanded,DEFAULT,screen,/community/posts/:postId/comments,,
stitch_salary_hijacking_design_system_classified/SCR-020-V006__block-user-confirm,SCR-020-V006,SCR-020,,block-user-confirm,CONFIRM,modal,/community/posts/:postId/comments,,
stitch_salary_hijacking_design_system_classified/SCR-020-V007__comment-list,SCR-020-V007,SCR-020,,comment-list,DEFAULT,screen,/community/posts/:postId/comments,,
stitch_salary_hijacking_design_system_classified/SCR-020-V008__comments-loading-more,SCR-020-V008,SCR-020,,comments-loading-more,LOADING,screen,/community/posts/:postId/comments,,
stitch_salary_hijacking_design_system_classified/SCR-020-V009__comment-submitting,SCR-020-V009,SCR-020,,comment-submitting,SAVING,screen,/community/posts/:postId/comments,,
stitch_salary_hijacking_design_system_classified/SCR-020-V010__comment-thread,SCR-020-V010,SCR-020,,comment-thread,DEFAULT,screen,/community/posts/:postId/comments,,
stitch_salary_hijacking_design_system_classified/SCR-020-V011__comment-thread-alt,SCR-020-V011,SCR-020,,comment-thread-alt,DEFAULT,screen,/community/posts/:postId/comments,,
stitch_salary_hijacking_design_system_classified/SCR-020-V012__no-comments,SCR-020-V012,SCR-020,,no-comments,EMPTY,screen,/community/posts/:postId/comments,,
stitch_salary_hijacking_design_system_classified/SCR-020-V013__comment-thread-policy,SCR-020-V013,SCR-020,,comment-thread-policy,DEFAULT,screen,/community/posts/:postId/comments,,
stitch_salary_hijacking_design_system_classified/SCR-021-V001__my-page-default,SCR-021-V001,SCR-021,,my-page-default,DEFAULT,screen,/my,,
stitch_salary_hijacking_design_system_classified/SCR-021-V002__performance-partial-error,SCR-021-V002,SCR-021,,performance-partial-error,PARTIAL_ERROR,screen,/my,,
stitch_salary_hijacking_design_system_classified/SCR-021-V003__offline-performance-preview,SCR-021-V003,SCR-021,,offline-performance-preview,OFFLINE,screen,/my,,
stitch_salary_hijacking_design_system_classified/SCR-021-V004__page-load-error,SCR-021-V004,SCR-021,,page-load-error,ERROR,screen,/my,,
stitch_salary_hijacking_design_system_classified/SCR-021-V005__account-restricted,SCR-021-V005,SCR-021,,account-restricted,RESTRICTED,screen,/my,,
stitch_salary_hijacking_design_system_classified/SCR-021-V006__my-page-alt,SCR-021-V006,SCR-021,,my-page-alt,DEFAULT,screen,/my,,
stitch_salary_hijacking_design_system_classified/SCR-021-V007__my-page-legacy,SCR-021-V007,SCR-021,,my-page-legacy,DEFAULT,screen,/my,,
stitch_salary_hijacking_design_system_classified/SCR-021-V008__ad-hidden,SCR-021-V008,SCR-021,,ad-hidden,EMPTY,screen,/my,,
stitch_salary_hijacking_design_system_classified/SCR-021-V009__loading-skeleton,SCR-021-V009,SCR-021,,loading-skeleton,LOADING,screen,/my,,
stitch_salary_hijacking_design_system_classified/SCR-022-V001__profile-settings,SCR-022-V001,SCR-022,,profile-settings,DEFAULT,screen,/my/profile,,
stitch_salary_hijacking_design_system_classified/SCR-022-V002__validation-error,SCR-022-V002,SCR-022,,validation-error,ERROR,screen,/my/profile,,
stitch_salary_hijacking_design_system_classified/SCR-022-V003__save-failure,SCR-022-V003,SCR-022,,save-failure,ERROR,modal,/my/profile,,
stitch_salary_hijacking_design_system_classified/SCR-022-V004__profile-settings-alt,SCR-022-V004,SCR-022,,profile-settings-alt,DEFAULT,screen,/my/profile,,
stitch_salary_hijacking_design_system_classified/SCR-022-V005__profile-visibility-sheet,SCR-022-V005,SCR-022,,profile-visibility-sheet,INPUT,bottom_sheet,/my/profile,,
stitch_salary_hijacking_design_system_classified/SCR-022-V006__profile-image-delete-confirm,SCR-022-V006,SCR-022,,profile-image-delete-confirm,CONFIRM,modal,/my/profile,,
stitch_salary_hijacking_design_system_classified/SCR-022-V007__profile-uploading,SCR-022-V007,SCR-022,,profile-uploading,UPLOADING,screen,/my/profile,,
stitch_salary_hijacking_design_system_classified/SCR-022-V008__job-selector,SCR-022-V008,SCR-022,,job-selector,INPUT,bottom_sheet,/my/profile,,
stitch_salary_hijacking_design_system_classified/SCR-023-V001__account-restricted,SCR-023-V001,SCR-023,,account-restricted,RESTRICTED,screen,/my/account,,
stitch_salary_hijacking_design_system_classified/SCR-023-V002__data-export-ready,SCR-023-V002,SCR-023,,data-export-ready,SUCCESS,screen,/my/account,,
stitch_salary_hijacking_design_system_classified/SCR-023-V003__withdrawal-requested,SCR-023-V003,SCR-023,,withdrawal-requested,SUCCESS,screen,/my/account,,
stitch_salary_hijacking_design_system_classified/SCR-023-V004__biometric-app-lock,SCR-023-V004,SCR-023,,biometric-app-lock,SECURITY,screen,/my/account,,
stitch_salary_hijacking_design_system_classified/SCR-023-V005__withdrawal-reason,SCR-023-V005,SCR-023,,withdrawal-reason,INPUT,screen,/my/account,,
stitch_salary_hijacking_design_system_classified/SCR-023-V006__social-account-connections,SCR-023-V006,SCR-023,,social-account-connections,DEFAULT,screen,/my/account,,
stitch_salary_hijacking_design_system_classified/SCR-023-V007__rejoin-blocked,SCR-023-V007,SCR-023,,rejoin-blocked,BLOCKED,screen,/my/account,,
stitch_salary_hijacking_design_system_classified/SCR-023-V008__data-export-processing,SCR-023-V008,SCR-023,,data-export-processing,PROCESSING,screen,/my/account,,
stitch_salary_hijacking_design_system_classified/SCR-023-V009__withdrawal-precheck,SCR-023-V009,SCR-023,,withdrawal-precheck,CHECK,screen,/my/account,,
stitch_salary_hijacking_design_system_classified/SCR-023-V010__privacy-usage-history,SCR-023-V010,SCR-023,,privacy-usage-history,DETAIL,screen,/my/account,,
stitch_salary_hijacking_design_system_classified/SCR-023-V011__data-export-request,SCR-023-V011,SCR-023,,data-export-request,INPUT,screen,/my/account,,
stitch_salary_hijacking_design_system_classified/SCR-023-V012__password-change,SCR-023-V012,SCR-023,,password-change,INPUT,screen,/my/account,,
stitch_salary_hijacking_design_system_classified/SCR-023-V013__account-settings-default,SCR-023-V013,SCR-023,,account-settings-default,DEFAULT,screen,/my/account,,
stitch_salary_hijacking_design_system_classified/SCR-024-V001__loading-skeleton,SCR-024-V001,SCR-024,,loading-skeleton,LOADING,screen,/my/posts,,
stitch_salary_hijacking_design_system_classified/SCR-024-V002__offline-preview,SCR-024-V002,SCR-024,,offline-preview,OFFLINE,screen,/my/posts,,
stitch_salary_hijacking_design_system_classified/SCR-024-V003__offline-preview-alt,SCR-024-V003,SCR-024,,offline-preview-alt,OFFLINE,screen,/my/posts,,
stitch_salary_hijacking_design_system_classified/SCR-024-V004__liked-posts,SCR-024-V004,SCR-024,,liked-posts,DEFAULT,screen,/my/posts,,
stitch_salary_hijacking_design_system_classified/SCR-024-V005__comments-tab,SCR-024-V005,SCR-024,,comments-tab,DEFAULT,screen,/my/posts,,
stitch_salary_hijacking_design_system_classified/SCR-024-V006__drafts-tab,SCR-024-V006,SCR-024,,drafts-tab,DEFAULT,screen,/my/posts,,
stitch_salary_hijacking_design_system_classified/SCR-024-V007__share-certification-prompt,SCR-024-V007,SCR-024,,share-certification-prompt,SHARE_REVIEW,bottom_sheet,/my/posts,,
stitch_salary_hijacking_design_system_classified/SCR-024-V008__community-restricted,SCR-024-V008,SCR-024,,community-restricted,RESTRICTED,screen,/my/posts,,
stitch_salary_hijacking_design_system_classified/SCR-024-V009__shared-certification-detail,SCR-024-V009,SCR-024,,shared-certification-detail,DETAIL,screen,/my/posts,,
stitch_salary_hijacking_design_system_classified/SCR-024-V010__search-empty,SCR-024-V010,SCR-024,,search-empty,EMPTY,screen,/my/posts,,
stitch_salary_hijacking_design_system_classified/SCR-024-V011__post-management-default,SCR-024-V011,SCR-024,,post-management-default,DEFAULT,screen,/my/posts,,
stitch_salary_hijacking_design_system_classified/SCR-024-V012__written-posts-empty,SCR-024-V012,SCR-024,,written-posts-empty,EMPTY,screen,/my/posts,,
stitch_salary_hijacking_design_system_classified/SCR-025-V001__overview,SCR-025-V001,SCR-025,,overview,DEFAULT,screen,/my/lv-up,,
stitch_salary_hijacking_design_system_classified/SCR-025-V002__activity-records,SCR-025-V002,SCR-025,,activity-records,DEFAULT,screen,/my/lv-up,,
stitch_salary_hijacking_design_system_classified/SCR-025-V003__record-detail,SCR-025-V003,SCR-025,,record-detail,DETAIL,screen,/my/lv-up,,
stitch_salary_hijacking_design_system_classified/SCR-025-V004__empty-records,SCR-025-V004,SCR-025,,empty-records,EMPTY,screen,/my/lv-up,,
stitch_salary_hijacking_design_system_classified/SCR-025-V005__statistics,SCR-025-V005,SCR-025,,statistics,DEFAULT,screen,/my/lv-up,,
stitch_salary_hijacking_design_system_classified/SCR-025-V006__offline-records,SCR-025-V006,SCR-025,,offline-records,OFFLINE,screen,/my/lv-up,,
stitch_salary_hijacking_design_system_classified/SCR-025-V007__xp-history,SCR-025-V007,SCR-025,,xp-history,DEFAULT,screen,/my/lv-up,,
stitch_salary_hijacking_design_system_classified/SCR-026-V001__inquiry-list,SCR-026-V001,SCR-026,,inquiry-list,DEFAULT,screen,/my/inquiries,,
stitch_salary_hijacking_design_system_classified/SCR-026-V002__inquiry-detail-answered,SCR-026-V002,SCR-026,,inquiry-detail-answered,DETAIL,screen,/my/inquiries,,
stitch_salary_hijacking_design_system_classified/SCR-026-V003__inquiry-empty,SCR-026-V003,SCR-026,,inquiry-empty,EMPTY,screen,/my/inquiries,,
stitch_salary_hijacking_design_system_classified/SCR-026-V004__inquiry-detail-pending,SCR-026-V004,SCR-026,,inquiry-detail-pending,DETAIL,screen,/my/inquiries,,
stitch_salary_hijacking_design_system_classified/SCR-026-V005__offline-preview,SCR-026-V005,SCR-026,,offline-preview,OFFLINE,screen,/my/inquiries,,
stitch_salary_hijacking_design_system_classified/SCR-026-V006__inquiry-submitted,SCR-026-V006,SCR-026,,inquiry-submitted,SUCCESS,screen,/my/inquiries,,
stitch_salary_hijacking_design_system_classified/SCR-026-V007__inquiry-create,SCR-026-V007,SCR-026,,inquiry-create,INPUT,screen,/my/inquiries,,
stitch_salary_hijacking_design_system_classified/SCR-027-V001__notice-list,SCR-027-V001,SCR-027,,notice-list,DEFAULT,screen,/my/notices,,
stitch_salary_hijacking_design_system_classified/SCR-027-V002__event-detail,SCR-027-V002,SCR-027,,event-detail,DETAIL,screen,/my/notices,,
stitch_salary_hijacking_design_system_classified/SCR-027-V003__ended-event-detail,SCR-027-V003,SCR-027,,ended-event-detail,DETAIL,screen,/my/notices,,
stitch_salary_hijacking_design_system_classified/SCR-027-V004__privacy-policy-change,SCR-027-V004,SCR-027,,privacy-policy-change,DETAIL,screen,/my/notices,,
stitch_salary_hijacking_design_system_classified/SCR-027-V005__maintenance-detail,SCR-027-V005,SCR-027,,maintenance-detail,DETAIL,screen,/my/notices,,
stitch_salary_hijacking_design_system_classified/SCR-027-V006__offline-notice-list,SCR-027-V006,SCR-027,,offline-notice-list,OFFLINE,screen,/my/notices,,
stitch_salary_hijacking_design_system_classified/SCR-027-V007__unavailable-notice,SCR-027-V007,SCR-027,,unavailable-notice,ERROR,screen,/my/notices,,
stitch_salary_hijacking_design_system_classified/SCR-027-V008__app-update-detail,SCR-027-V008,SCR-027,,app-update-detail,DETAIL,screen,/my/notices,,
stitch_salary_hijacking_design_system_classified/SCR-027-V009__notices-empty,SCR-027-V009,SCR-027,,notices-empty,EMPTY,screen,/my/notices,,
stitch_salary_hijacking_design_system_classified/SCR-028-V001__terms-consent,SCR-028-V001,SCR-028,,terms-consent,CONSENT,screen,/terms,,
stitch_salary_hijacking_design_system_classified/SCR-028-V002__ad-data-separation-policy,SCR-028-V002,SCR-028,,ad-data-separation-policy,POLICY,screen,/terms,,
stitch_salary_hijacking_design_system_classified/SCR-028-V003__detailed-consent,SCR-028-V003,SCR-028,,detailed-consent,CONSENT,screen,/terms,,
stitch_salary_hijacking_design_system_classified/SCR-028-V004__terms-fulltext,SCR-028-V004,SCR-028,,terms-fulltext,DETAIL,screen,/terms,,
stitch_salary_hijacking_design_system_classified/SCR-028-V005__personalized-ads-consent,SCR-028-V005,SCR-028,,personalized-ads-consent,CONSENT,screen,/terms,,
stitch_salary_hijacking_design_system_classified/SCR-028-V006__terms-consent-alt,SCR-028-V006,SCR-028,,terms-consent-alt,CONSENT,screen,/terms,,
stitch_salary_hijacking_design_system_classified/SCR-028-V007__terms-review,SCR-028-V007,SCR-028,,terms-review,CONSENT,screen,/terms,,
stitch_salary_hijacking_design_system_classified/SCR-030-V001__app-initialization-error,SCR-030-V001,SCR-030,,app-initialization-error,ERROR,screen,contextual,,
stitch_salary_hijacking_design_system_classified/SCR-030-V002__app-init-error-offbrand,SCR-030-V002,SCR-030,,app-init-error-offbrand,ERROR,screen,contextual,,
stitch_salary_hijacking_design_system_classified/SCR-030-V003__app-init-error-wrong-brand,SCR-030-V003,SCR-030,,app-init-error-wrong-brand,ERROR,screen,contextual,,
stitch_salary_hijacking_design_system_classified/SCR-030-V004__app-init-error-alt,SCR-030-V004,SCR-030,,app-init-error-alt,ERROR,screen,contextual,,
