resource,operation,ownerUser,attackerUser,httpStatus,errorCode,rlsResult,expected,actual,status,evidenceRef
profile,B_UPDATE_OWNER_SCOPED_DOES_NOT_TARGET_A,336ea49ff2ed750b,e493fbf0f4ce61ac,200,,OWNER_SCOPED_NO_A_ID_EXPOSED,B modifies only B profile,owner scoped updates isolated,PASS,profile_update_a/profile_update_b_owner_scoped
user_settings,B_READ_OWNER_SCOPED_DOES_NOT_RETURN_A,336ea49ff2ed750b,e493fbf0f4ce61ac,200,,OWNER_SCOPED,B receives only B resource,owner scoped read succeeds without direct A ID,PASS,user_settings_a_update/user_settings_b_read_own
consents,B_READ_OWNER_SCOPED_DOES_NOT_RETURN_A,336ea49ff2ed750b,e493fbf0f4ce61ac,200,,OWNER_SCOPED,B receives only B resource,owner scoped read succeeds without direct A ID,PASS,consents_a_update/consents_b_read_own
notification_preferences,B_READ_OWNER_SCOPED_DOES_NOT_RETURN_A,336ea49ff2ed750b,e493fbf0f4ce61ac,200,,OWNER_SCOPED,B receives only B resource,owner scoped read succeeds without direct A ID,PASS,notification_preferences_a_update/notification_preferences_b_read_own
privacy_export,B_READ_A_EXACT_ID,336ea49ff2ed750b,e493fbf0f4ce61ac,404,USER_EXPORT_NOT_FOUND,API_DENIED_OR_INVISIBLE_DB_OWNER_FILTER,403/404 invisible,owner=200; attacker=404,PASS,exportIdHash=a7287981739ade72
support_ticket,B_READ_A_EXACT_ID,336ea49ff2ed750b,e493fbf0f4ce61ac,404,USER_ROUTE_NOT_FOUND,NO_PUBLIC_DIRECT_READ_ROUTE,403/404/405 or no direct route,attacker=404,PASS,ticketIdHash=de67898b1a72ff2e
withdrawal_request,B_READ_A_EXACT_ID,336ea49ff2ed750b,e493fbf0f4ce61ac,404,USER_ROUTE_NOT_FOUND,NO_PUBLIC_DIRECT_READ_ROUTE,403/404/405,ownerCreate=202; attacker=404,PASS,withdrawal_a_request/withdrawal_b_get_a_exact_id_unsupported
device,B_DELETE_A_EXACT_ID,336ea49ff2ed750b,e493fbf0f4ce61ac,404,NOTIFICATION_DEVICE_NOT_FOUND,API_OWNER_FILTER_OR_NOT_FOUND,403/404,ownerCreate=201; attacker=404,PASS,deviceIdHash=cfa927b8d55f67a7
sessions,B_LIST_OR_REVOKE_A_DIRECT_ID,336ea49ff2ed750b,e493fbf0f4ce61ac,404,AUTH_ROUTE_NOT_FOUND,NO_PUBLIC_SESSION_LIST_ROUTE,403/404/405,probe=404,PASS,sessions_b_route_probe
