MIGRATION_ID,FILE_PATH,FILE_SHA256,ORDER,APPLIED_IN_STAGING,APPLIED_AT,DB_RECORDED_CHECKSUM,FILE_CHECKSUM_MATCH,IDEMPOTENT,FORWARD_RECOVERY_AVAILABLE,BACKFILL_REQUIRED,STATUS
0001_init_users,database/migrations/0001_init_users.sql,0AE238341ECFB430CF7EAD8850A6627627C81143CB42E352ED2BB6CCE727ECA8,1,YES_DB_META_LEDGER_VERIFIED,DB_META_BASELINE_IMPORT_2026-08-13,0AE238341ECFB430CF7EAD8850A6627627C81143CB42E352ED2BB6CCE727ECA8,YES,PARTIAL_STATIC_GUARDS_PRESENT,YES_SYNTHETIC_FORWARD_RECOVERY_TESTED,YES_OR_DATA_TOUCHING,VERIFIED_APPLIED
0002_payroll_budget_expense,database/migrations/0002_payroll_budget_expense.sql,82F6CF91A31D2900B3EF6A08700609AB4510DEB3D7C4E5DAA698D5E80EE562D1,2,YES_DB_META_LEDGER_VERIFIED,DB_META_BASELINE_IMPORT_2026-08-13,82F6CF91A31D2900B3EF6A08700609AB4510DEB3D7C4E5DAA698D5E80EE562D1,YES,PARTIAL_STATIC_GUARDS_PRESENT,YES_SYNTHETIC_FORWARD_RECOVERY_TESTED,YES_OR_DATA_TOUCHING,VERIFIED_APPLIED
0003_growth_community_notifications,database/migrations/0003_growth_community_notifications.sql,C8CD37121C663A8253AAB18D2C8659D879054261794DE0A4F765AB1D3826B427,3,YES_DB_META_LEDGER_VERIFIED,DB_META_BASELINE_IMPORT_2026-08-13,C8CD37121C663A8253AAB18D2C8659D879054261794DE0A4F765AB1D3826B427,YES,PARTIAL_STATIC_GUARDS_PRESENT,YES_SYNTHETIC_FORWARD_RECOVERY_TESTED,YES_OR_DATA_TOUCHING,VERIFIED_APPLIED
0004_admin_audit_ads,database/migrations/0004_admin_audit_ads.sql,709F39CDBFFF75AB9F7C26894556269522C782402105403D17512771FFE42C4A,4,YES_DB_META_LEDGER_VERIFIED,DB_META_BASELINE_IMPORT_2026-08-13,709F39CDBFFF75AB9F7C26894556269522C782402105403D17512771FFE42C4A,YES,PARTIAL_STATIC_GUARDS_PRESENT,YES_SYNTHETIC_FORWARD_RECOVERY_TESTED,YES_OR_DATA_TOUCHING,VERIFIED_APPLIED
0005_auth_runtime,database/migrations/0005_auth_runtime.sql,7FD2C9582271BD2E38BB286D8564B71D43D3A20268809C05BB116C609527260E,5,YES_DB_META_LEDGER_VERIFIED,DB_META_BASELINE_IMPORT_2026-08-13,7FD2C9582271BD2E38BB286D8564B71D43D3A20268809C05BB116C609527260E,YES,PARTIAL_STATIC_GUARDS_PRESENT,YES_SYNTHETIC_FORWARD_RECOVERY_TESTED,NO_STATIC_SCHEMA_ONLY,VERIFIED_APPLIED
0006_user_support_tickets,database/migrations/0006_user_support_tickets.sql,F0661BEA11320EEF740E873A497C15F939102ECD242A6219EE5E1459EAB58827,6,YES_DB_META_LEDGER_VERIFIED,DB_META_BASELINE_IMPORT_2026-08-13,F0661BEA11320EEF740E873A497C15F939102ECD242A6219EE5E1459EAB58827,YES,PARTIAL_STATIC_GUARDS_PRESENT,YES_SYNTHETIC_FORWARD_RECOVERY_TESTED,NO_STATIC_SCHEMA_ONLY,VERIFIED_APPLIED
0007_user_privacy_actions,database/migrations/0007_user_privacy_actions.sql,183D168F397C311D555BC1B04B3EAA58077C708AFF8917CEF19461D52214D1C4,7,YES_DB_META_LEDGER_VERIFIED,DB_META_BASELINE_IMPORT_2026-08-13,183D168F397C311D555BC1B04B3EAA58077C708AFF8917CEF19461D52214D1C4,YES,PARTIAL_STATIC_GUARDS_PRESENT,YES_SYNTHETIC_FORWARD_RECOVERY_TESTED,NO_STATIC_SCHEMA_ONLY,VERIFIED_APPLIED
0008_user_preferences_consents,database/migrations/0008_user_preferences_consents.sql,F202517C34EE39DC26257A87975CC5F832EDFB8DF2D07BDF74AB1E697C27C833,8,YES_DB_META_LEDGER_VERIFIED,DB_META_BASELINE_IMPORT_2026-08-13,F202517C34EE39DC26257A87975CC5F832EDFB8DF2D07BDF74AB1E697C27C833,YES,PARTIAL_STATIC_GUARDS_PRESENT,YES_SYNTHETIC_FORWARD_RECOVERY_TESTED,NO_STATIC_SCHEMA_ONLY,VERIFIED_APPLIED
0009_user_profile_fields,database/migrations/0009_user_profile_fields.sql,16F4B0468E8993C71CF6713740C96BE5782C3DCD861A162CE710D67DCB64764C,9,YES_DB_META_LEDGER_VERIFIED,DB_META_BASELINE_IMPORT_2026-08-13,16F4B0468E8993C71CF6713740C96BE5782C3DCD861A162CE710D67DCB64764C,YES,PARTIAL_STATIC_GUARDS_PRESENT,YES_SYNTHETIC_FORWARD_RECOVERY_TESTED,NO_STATIC_SCHEMA_ONLY,VERIFIED_APPLIED
0010_uploads_runtime_metadata,database/migrations/0010_uploads_runtime_metadata.sql,050AE911D72FA77D5349890EF1E3B62E90BD4B85444632BF83AF584B95E8ACEA,10,YES_DB_META_LEDGER_VERIFIED,DB_META_BASELINE_IMPORT_2026-08-13,050AE911D72FA77D5349890EF1E3B62E90BD4B85444632BF83AF584B95E8ACEA,YES,PARTIAL_STATIC_GUARDS_PRESENT,YES_SYNTHETIC_FORWARD_RECOVERY_TESTED,NO_STATIC_SCHEMA_ONLY,VERIFIED_APPLIED
0011_variable_expense_refund_amount,database/migrations/0011_variable_expense_refund_amount.sql,E45EB83A193546BE7D95AC57187CDD6CA889BA06569AA27DCB268B9A099854C3,11,YES_DB_META_LEDGER_VERIFIED,DB_META_BASELINE_IMPORT_2026-08-13,E45EB83A193546BE7D95AC57187CDD6CA889BA06569AA27DCB268B9A099854C3,YES,PARTIAL_STATIC_GUARDS_PRESENT,YES_SYNTHETIC_FORWARD_RECOVERY_TESTED,YES_OR_DATA_TOUCHING,VERIFIED_APPLIED
0012_growth_content_items,database/migrations/0012_growth_content_items.sql,B611AF704978072855539AD3E63A5BFFD478FD05ED0370C4AA61FBAF0236CE8D,12,YES_DB_META_LEDGER_VERIFIED,DB_META_BASELINE_IMPORT_2026-08-13,B611AF704978072855539AD3E63A5BFFD478FD05ED0370C4AA61FBAF0236CE8D,YES,PARTIAL_STATIC_GUARDS_PRESENT,YES_SYNTHETIC_FORWARD_RECOVERY_TESTED,NO_STATIC_SCHEMA_ONLY,VERIFIED_APPLIED
0013_force_rls_user_owned_tables,database/migrations/0013_force_rls_user_owned_tables.sql,DF1FD69B44B2FD3351C7E0E215BCE37F9B3BF7DA3ADF8D6EB7E4F7CCAB70BA0E,13,YES_DB_META_LEDGER_VERIFIED,DB_META_BASELINE_IMPORT_2026-08-13,DF1FD69B44B2FD3351C7E0E215BCE37F9B3BF7DA3ADF8D6EB7E4F7CCAB70BA0E,YES,UNVERIFIED_STATIC_ONLY,YES_SYNTHETIC_FORWARD_RECOVERY_TESTED,NO_STATIC_SCHEMA_ONLY,VERIFIED_APPLIED
0014_database_schema_migrations,database/migrations/0014_database_schema_migrations.sql,18AE01621AF2C2F1353E852ACD37F63F8212D0782E6A80491847E458E0D4CBEC,14,YES_DB_META_LEDGER_VERIFIED,DB_META_BASELINE_IMPORT_2026-08-13,18AE01621AF2C2F1353E852ACD37F63F8212D0782E6A80491847E458E0D4CBEC,YES,PARTIAL_STATIC_GUARDS_PRESENT,YES_SYNTHETIC_FORWARD_RECOVERY_TESTED,NO_STATIC_SCHEMA_ONLY,VERIFIED_APPLIED
0015_auth_preauth_rls_bootstrap,database/migrations/0015_auth_preauth_rls_bootstrap.sql,5CC2A66146DB194DFD4FCD2E91F53D55C6D7B5E323C1D6B125628A32C905563F,15,YES_DB_META_LEDGER_VERIFIED,PHASE_3_STAGING_REGISTER_ROOT_CAUSE_2026-08-17,5CC2A66146DB194DFD4FCD2E91F53D55C6D7B5E323C1D6B125628A32C905563F,YES,YES_AUTH_RLS_POLICY_GUARD,YES_STAGING_REGISTER_RUNTIME_VERIFIED,NO_ADDITIVE_POLICY_ONLY,VERIFIED_APPLIED
0016_apple_oauth_nonce_binding,database/migrations/0016_apple_oauth_nonce_binding.sql,7219FF59C8F1EFFD8CFD846FCC2A64D417F00D3158DE42415F5E0863352744D5,16,YES_DB_META_LEDGER_VERIFIED,PHASE_3_APPLE_OAUTH_NONCE_2026-08-17,7219FF59C8F1EFFD8CFD846FCC2A64D417F00D3158DE42415F5E0863352744D5,YES,YES_AUTH_OAUTH_NONCE_GUARD,YES_STAGING_OAUTH_START_VERIFIED,NO_ADDITIVE_COLUMN_ONLY,VERIFIED_APPLIED
0017_payroll_cycle_recalculation,database/migrations/0017_payroll_cycle_recalculation.sql,C4A911ECE8192B6411FF41C3C383B5F4D53678F71E2A296255BE98A4E1123FC5,17,YES_DB_META_LEDGER_VERIFIED,PHASE_4_PAYROLL_CYCLE_RECALCULATION_2026-08-17,C4A911ECE8192B6411FF41C3C383B5F4D53678F71E2A296255BE98A4E1123FC5,YES,YES_PAYROLL_CYCLE_FUNCTION_GUARD,YES_STAGING_PAYROLL_CYCLE_FUNCTION_VERIFIED,NO_FUNCTION_REPLACEMENT_ONLY,VERIFIED_APPLIED
0018_variable_expense_refund_column_repair,database/migrations/0018_variable_expense_refund_column_repair.sql,7625662026AF196D516CC78119C2405DBF5AD02A953FF36C53282C8F55AE5040,18,YES_DB_META_LEDGER_VERIFIED,PHASE_4_VARIABLE_EXPENSE_REFUND_REPAIR_2026-08-17,7625662026AF196D516CC78119C2405DBF5AD02A953FF36C53282C8F55AE5040,YES,YES_ADDITIVE_IF_NOT_EXISTS_COLUMN_REPAIR,YES_STAGING_DAILY_BUDGET_TRIGGER_ROOT_CAUSE_VERIFIED,NO_ADDITIVE_COLUMN_REPAIR,VERIFIED_APPLIED
