requirementId,namespace,domain,scope,implementationPath,apiEndpoint,dbTable,testEvidence,runtimeEvidence,statusClass,blocker
LV-001,LV,growth,"growth tasks, badges, levels, challenges, content completion, XP authority",services/api/src/routes/growth.routes.ts; services/api/src/repositories/growth.repository.ts; services/api/src/notifications/phase6-growth-community-producers.ts,/api/v1/growth/profile; /api/v1/growth/dashboard; /api/v1/growth/tasks; /api/v1/growth/challenges; /api/v1/growth/contents,growth_profiles; growth_tasks; growth_task_progress; growth_challenges; growth_badges,growth/mobile contract tests PASS; notification producer tests PASS; focused Phase 6 tests and staging harness PASS; focused Phase 6 tests and staging harness PASS; focused Phase 6 tests and staging harness PASS,"Phase 6 staging runtime evidence docs/growth-community/PHASE_6_STAGING_RUNTIME_EVIDENCE.json; assertions={""apiReady"":true,""authReady"":true,""growthE2E"":true,""growthXpConcurrency"":true,""communityE2E"":true,""crossUserRuntime"":true,""tnsRuntime"":true,""writeE2E"":true,""r2UploadRuntime"":true,""uploadSecurity"":true,""notificationProducerRuntime"":true,""perf007"":true}; PERF-007 p95=762.97ms",PASS,
LV-002,LV,growth,"growth tasks, badges, levels, challenges, content completion, XP authority",services/api/src/routes/growth.routes.ts; services/api/src/repositories/growth.repository.ts; services/api/src/notifications/phase6-growth-community-producers.ts,/api/v1/growth/profile; /api/v1/growth/dashboard; /api/v1/growth/tasks; /api/v1/growth/challenges; /api/v1/growth/contents,growth_profiles; growth_tasks; growth_task_progress; growth_challenges; growth_badges,growth/mobile contract tests PASS; notification producer tests PASS; focused Phase 6 tests and staging harness PASS; focused Phase 6 tests and staging harness PASS; focused Phase 6 tests and staging harness PASS,"Phase 6 staging runtime evidence docs/growth-community/PHASE_6_STAGING_RUNTIME_EVIDENCE.json; assertions={""apiReady"":true,""authReady"":true,""growthE2E"":true,""growthXpConcurrency"":true,""communityE2E"":true,""crossUserRuntime"":true,""tnsRuntime"":true,""writeE2E"":true,""r2UploadRuntime"":true,""uploadSecurity"":true,""notificationProducerRuntime"":true,""perf007"":true}; PERF-007 p95=762.97ms",PASS,
LV-003,LV,growth,"growth tasks, badges, levels, challenges, content completion, XP authority",services/api/src/routes/growth.routes.ts; services/api/src/repositories/growth.repository.ts; services/api/src/notifications/phase6-growth-community-producers.ts,/api/v1/growth/profile; /api/v1/growth/dashboard; /api/v1/growth/tasks; /api/v1/growth/challenges; /api/v1/growth/contents,growth_profiles; growth_tasks; growth_task_progress; growth_challenges; growth_badges,growth/mobile contract tests PASS; notification producer tests PASS; focused Phase 6 tests and staging harness PASS; focused Phase 6 tests and staging harness PASS; focused Phase 6 tests and staging harness PASS,"Phase 6 staging runtime evidence docs/growth-community/PHASE_6_STAGING_RUNTIME_EVIDENCE.json; assertions={""apiReady"":true,""authReady"":true,""growthE2E"":true,""growthXpConcurrency"":true,""communityE2E"":true,""crossUserRuntime"":true,""tnsRuntime"":true,""writeE2E"":true,""r2UploadRuntime"":true,""uploadSecurity"":true,""notificationProducerRuntime"":true,""perf007"":true}; PERF-007 p95=762.97ms",PASS,
LV-004,LV,growth,"growth tasks, badges, levels, challenges, content completion, XP authority",services/api/src/routes/growth.routes.ts; services/api/src/repositories/growth.repository.ts; services/api/src/notifications/phase6-growth-community-producers.ts,/api/v1/growth/profile; /api/v1/growth/dashboard; /api/v1/growth/tasks; /api/v1/growth/challenges; /api/v1/growth/contents,growth_profiles; growth_tasks; growth_task_progress; growth_challenges; growth_badges,growth/mobile contract tests PASS; notification producer tests PASS; focused Phase 6 tests and staging harness PASS; focused Phase 6 tests and staging harness PASS; focused Phase 6 tests and staging harness PASS,"Phase 6 staging runtime evidence docs/growth-community/PHASE_6_STAGING_RUNTIME_EVIDENCE.json; assertions={""apiReady"":true,""authReady"":true,""growthE2E"":true,""growthXpConcurrency"":true,""communityE2E"":true,""crossUserRuntime"":true,""tnsRuntime"":true,""writeE2E"":true,""r2UploadRuntime"":true,""uploadSecurity"":true,""notificationProducerRuntime"":true,""perf007"":true}; PERF-007 p95=762.97ms",PASS,
LV-005,LV,growth,"growth tasks, badges, levels, challenges, content completion, XP authority",services/api/src/routes/growth.routes.ts; services/api/src/repositories/growth.repository.ts; services/api/src/notifications/phase6-growth-community-producers.ts,/api/v1/growth/profile; /api/v1/growth/dashboard; /api/v1/growth/tasks; /api/v1/growth/challenges; /api/v1/growth/contents,growth_profiles; growth_tasks; growth_task_progress; growth_challenges; growth_badges,growth/mobile contract tests PASS; notification producer tests PASS; focused Phase 6 tests and staging harness PASS; focused Phase 6 tests and staging harness PASS; focused Phase 6 tests and staging harness PASS,"Phase 6 staging runtime evidence docs/growth-community/PHASE_6_STAGING_RUNTIME_EVIDENCE.json; assertions={""apiReady"":true,""authReady"":true,""growthE2E"":true,""growthXpConcurrency"":true,""communityE2E"":true,""crossUserRuntime"":true,""tnsRuntime"":true,""writeE2E"":true,""r2UploadRuntime"":true,""uploadSecurity"":true,""notificationProducerRuntime"":true,""perf007"":true}; PERF-007 p95=762.97ms",PASS,
LV-006,LV,growth,"growth tasks, badges, levels, challenges, content completion, XP authority",services/api/src/routes/growth.routes.ts; services/api/src/repositories/growth.repository.ts; services/api/src/notifications/phase6-growth-community-producers.ts,/api/v1/growth/profile; /api/v1/growth/dashboard; /api/v1/growth/tasks; /api/v1/growth/challenges; /api/v1/growth/contents,growth_profiles; growth_tasks; growth_task_progress; growth_challenges; growth_badges,growth/mobile contract tests PASS; notification producer tests PASS; focused Phase 6 tests and staging harness PASS; focused Phase 6 tests and staging harness PASS; focused Phase 6 tests and staging harness PASS,"Phase 6 staging runtime evidence docs/growth-community/PHASE_6_STAGING_RUNTIME_EVIDENCE.json; assertions={""apiReady"":true,""authReady"":true,""growthE2E"":true,""growthXpConcurrency"":true,""communityE2E"":true,""crossUserRuntime"":true,""tnsRuntime"":true,""writeE2E"":true,""r2UploadRuntime"":true,""uploadSecurity"":true,""notificationProducerRuntime"":true,""perf007"":true}; PERF-007 p95=762.97ms",PASS,
LV-007,LV,growth,"growth tasks, badges, levels, challenges, content completion, XP authority",services/api/src/routes/growth.routes.ts; services/api/src/repositories/growth.repository.ts; services/api/src/notifications/phase6-growth-community-producers.ts,/api/v1/growth/profile; /api/v1/growth/dashboard; /api/v1/growth/tasks; /api/v1/growth/challenges; /api/v1/growth/contents,growth_profiles; growth_tasks; growth_task_progress; growth_challenges; growth_badges,growth/mobile contract tests PASS; notification producer tests PASS; focused Phase 6 tests and staging harness PASS; focused Phase 6 tests and staging harness PASS; focused Phase 6 tests and staging harness PASS,"Phase 6 staging runtime evidence docs/growth-community/PHASE_6_STAGING_RUNTIME_EVIDENCE.json; assertions={""apiReady"":true,""authReady"":true,""growthE2E"":true,""growthXpConcurrency"":true,""communityE2E"":true,""crossUserRuntime"":true,""tnsRuntime"":true,""writeE2E"":true,""r2UploadRuntime"":true,""uploadSecurity"":true,""notificationProducerRuntime"":true,""perf007"":true}; PERF-007 p95=762.97ms",PASS,
LV-008,LV,growth,"growth tasks, badges, levels, challenges, content completion, XP authority",services/api/src/routes/growth.routes.ts; services/api/src/repositories/growth.repository.ts; services/api/src/notifications/phase6-growth-community-producers.ts,/api/v1/growth/profile; /api/v1/growth/dashboard; /api/v1/growth/tasks; /api/v1/growth/challenges; /api/v1/growth/contents,growth_profiles; growth_tasks; growth_task_progress; growth_challenges; growth_badges,growth/mobile contract tests PASS; notification producer tests PASS; focused Phase 6 tests and staging harness PASS; focused Phase 6 tests and staging harness PASS; focused Phase 6 tests and staging harness PASS,"Phase 6 staging runtime evidence docs/growth-community/PHASE_6_STAGING_RUNTIME_EVIDENCE.json; assertions={""apiReady"":true,""authReady"":true,""growthE2E"":true,""growthXpConcurrency"":true,""communityE2E"":true,""crossUserRuntime"":true,""tnsRuntime"":true,""writeE2E"":true,""r2UploadRuntime"":true,""uploadSecurity"":true,""notificationProducerRuntime"":true,""perf007"":true}; PERF-007 p95=762.97ms",PASS,
LV-009,LV,growth,"growth tasks, badges, levels, challenges, content completion, XP authority",services/api/src/routes/growth.routes.ts; services/api/src/repositories/growth.repository.ts; services/api/src/notifications/phase6-growth-community-producers.ts,/api/v1/growth/profile; /api/v1/growth/dashboard; /api/v1/growth/tasks; /api/v1/growth/challenges; /api/v1/growth/contents,growth_profiles; growth_tasks; growth_task_progress; growth_challenges; growth_badges,growth/mobile contract tests PASS; notification producer tests PASS; focused Phase 6 tests and staging harness PASS; focused Phase 6 tests and staging harness PASS; focused Phase 6 tests and staging harness PASS,"Phase 6 staging runtime evidence docs/growth-community/PHASE_6_STAGING_RUNTIME_EVIDENCE.json; assertions={""apiReady"":true,""authReady"":true,""growthE2E"":true,""growthXpConcurrency"":true,""communityE2E"":true,""crossUserRuntime"":true,""tnsRuntime"":true,""writeE2E"":true,""r2UploadRuntime"":true,""uploadSecurity"":true,""notificationProducerRuntime"":true,""perf007"":true}; PERF-007 p95=762.97ms",PASS,
LV-010,LV,growth,"growth tasks, badges, levels, challenges, content completion, XP authority",services/api/src/routes/growth.routes.ts; services/api/src/repositories/growth.repository.ts; services/api/src/notifications/phase6-growth-community-producers.ts,/api/v1/growth/profile; /api/v1/growth/dashboard; /api/v1/growth/tasks; /api/v1/growth/challenges; /api/v1/growth/contents,growth_profiles; growth_tasks; growth_task_progress; growth_challenges; growth_badges,growth/mobile contract tests PASS; notification producer tests PASS; focused Phase 6 tests and staging harness PASS; focused Phase 6 tests and staging harness PASS; focused Phase 6 tests and staging harness PASS,"Phase 6 staging runtime evidence docs/growth-community/PHASE_6_STAGING_RUNTIME_EVIDENCE.json; assertions={""apiReady"":true,""authReady"":true,""growthE2E"":true,""growthXpConcurrency"":true,""communityE2E"":true,""crossUserRuntime"":true,""tnsRuntime"":true,""writeE2E"":true,""r2UploadRuntime"":true,""uploadSecurity"":true,""notificationProducerRuntime"":true,""perf007"":true}; PERF-007 p95=762.97ms",PASS,
COM-001,COM,community,"boards, posts, comments, reactions, bookmarks, shares, reports, moderation",services/api/src/routes/community.routes.ts; services/api/src/repositories/community.repository.ts; services/api/src/notifications/phase6-growth-community-producers.ts,/api/v1/community/boards; /api/v1/community/posts; /api/v1/community/posts/{postId}/comments; /api/v1/community/reports,community_boards; community_posts; community_comments; community_reactions; community_reports,community DB repository tests PASS; mobile community contract tests PASS; notification producer tests PASS; focused Phase 6 tests and staging harness PASS; focused Phase 6 tests and staging harness PASS; focused Phase 6 tests and staging harness PASS,"Phase 6 staging runtime evidence docs/growth-community/PHASE_6_STAGING_RUNTIME_EVIDENCE.json; assertions={""apiReady"":true,""authReady"":true,""growthE2E"":true,""growthXpConcurrency"":true,""communityE2E"":true,""crossUserRuntime"":true,""tnsRuntime"":true,""writeE2E"":true,""r2UploadRuntime"":true,""uploadSecurity"":true,""notificationProducerRuntime"":true,""perf007"":true}; PERF-007 p95=762.97ms",PASS,
COM-002,COM,community,"boards, posts, comments, reactions, bookmarks, shares, reports, moderation",services/api/src/routes/community.routes.ts; services/api/src/repositories/community.repository.ts; services/api/src/notifications/phase6-growth-community-producers.ts,/api/v1/community/boards; /api/v1/community/posts; /api/v1/community/posts/{postId}/comments; /api/v1/community/reports,community_boards; community_posts; community_comments; community_reactions; community_reports,community DB repository tests PASS; mobile community contract tests PASS; notification producer tests PASS; focused Phase 6 tests and staging harness PASS; focused Phase 6 tests and staging harness PASS; focused Phase 6 tests and staging harness PASS,"Phase 6 staging runtime evidence docs/growth-community/PHASE_6_STAGING_RUNTIME_EVIDENCE.json; assertions={""apiReady"":true,""authReady"":true,""growthE2E"":true,""growthXpConcurrency"":true,""communityE2E"":true,""crossUserRuntime"":true,""tnsRuntime"":true,""writeE2E"":true,""r2UploadRuntime"":true,""uploadSecurity"":true,""notificationProducerRuntime"":true,""perf007"":true}; PERF-007 p95=762.97ms",PASS,
COM-003,COM,community,"boards, posts, comments, reactions, bookmarks, shares, reports, moderation",services/api/src/routes/community.routes.ts; services/api/src/repositories/community.repository.ts; services/api/src/notifications/phase6-growth-community-producers.ts,/api/v1/community/boards; /api/v1/community/posts; /api/v1/community/posts/{postId}/comments; /api/v1/community/reports,community_boards; community_posts; community_comments; community_reactions; community_reports,community DB repository tests PASS; mobile community contract tests PASS; notification producer tests PASS; focused Phase 6 tests and staging harness PASS; focused Phase 6 tests and staging harness PASS; focused Phase 6 tests and staging harness PASS,"Phase 6 staging runtime evidence docs/growth-community/PHASE_6_STAGING_RUNTIME_EVIDENCE.json; assertions={""apiReady"":true,""authReady"":true,""growthE2E"":true,""growthXpConcurrency"":true,""communityE2E"":true,""crossUserRuntime"":true,""tnsRuntime"":true,""writeE2E"":true,""r2UploadRuntime"":true,""uploadSecurity"":true,""notificationProducerRuntime"":true,""perf007"":true}; PERF-007 p95=762.97ms",PASS,
COM-004,COM,community,"boards, posts, comments, reactions, bookmarks, shares, reports, moderation",services/api/src/routes/community.routes.ts; services/api/src/repositories/community.repository.ts; services/api/src/notifications/phase6-growth-community-producers.ts,/api/v1/community/boards; /api/v1/community/posts; /api/v1/community/posts/{postId}/comments; /api/v1/community/reports,community_boards; community_posts; community_comments; community_reactions; community_reports,community DB repository tests PASS; mobile community contract tests PASS; notification producer tests PASS; focused Phase 6 tests and staging harness PASS; focused Phase 6 tests and staging harness PASS; focused Phase 6 tests and staging harness PASS,"Phase 6 staging runtime evidence docs/growth-community/PHASE_6_STAGING_RUNTIME_EVIDENCE.json; assertions={""apiReady"":true,""authReady"":true,""growthE2E"":true,""growthXpConcurrency"":true,""communityE2E"":true,""crossUserRuntime"":true,""tnsRuntime"":true,""writeE2E"":true,""r2UploadRuntime"":true,""uploadSecurity"":true,""notificationProducerRuntime"":true,""perf007"":true}; PERF-007 p95=762.97ms",PASS,
COM-005,COM,community,"boards, posts, comments, reactions, bookmarks, shares, reports, moderation",services/api/src/routes/community.routes.ts; services/api/src/repositories/community.repository.ts; services/api/src/notifications/phase6-growth-community-producers.ts,/api/v1/community/boards; /api/v1/community/posts; /api/v1/community/posts/{postId}/comments; /api/v1/community/reports,community_boards; community_posts; community_comments; community_reactions; community_reports,community DB repository tests PASS; mobile community contract tests PASS; notification producer tests PASS; focused Phase 6 tests and staging harness PASS; focused Phase 6 tests and staging harness PASS; focused Phase 6 tests and staging harness PASS,"Phase 6 staging runtime evidence docs/growth-community/PHASE_6_STAGING_RUNTIME_EVIDENCE.json; assertions={""apiReady"":true,""authReady"":true,""growthE2E"":true,""growthXpConcurrency"":true,""communityE2E"":true,""crossUserRuntime"":true,""tnsRuntime"":true,""writeE2E"":true,""r2UploadRuntime"":true,""uploadSecurity"":true,""notificationProducerRuntime"":true,""perf007"":true}; PERF-007 p95=762.97ms",PASS,
COM-006,COM,community,"boards, posts, comments, reactions, bookmarks, shares, reports, moderation",services/api/src/routes/community.routes.ts; services/api/src/repositories/community.repository.ts; services/api/src/notifications/phase6-growth-community-producers.ts,/api/v1/community/boards; /api/v1/community/posts; /api/v1/community/posts/{postId}/comments; /api/v1/community/reports,community_boards; community_posts; community_comments; community_reactions; community_reports,community DB repository tests PASS; mobile community contract tests PASS; notification producer tests PASS; focused Phase 6 tests and staging harness PASS; focused Phase 6 tests and staging harness PASS; focused Phase 6 tests and staging harness PASS,"Phase 6 staging runtime evidence docs/growth-community/PHASE_6_STAGING_RUNTIME_EVIDENCE.json; assertions={""apiReady"":true,""authReady"":true,""growthE2E"":true,""growthXpConcurrency"":true,""communityE2E"":true,""crossUserRuntime"":true,""tnsRuntime"":true,""writeE2E"":true,""r2UploadRuntime"":true,""uploadSecurity"":true,""notificationProducerRuntime"":true,""perf007"":true}; PERF-007 p95=762.97ms",PASS,
COM-007,COM,community,"boards, posts, comments, reactions, bookmarks, shares, reports, moderation",services/api/src/routes/community.routes.ts; services/api/src/repositories/community.repository.ts; services/api/src/notifications/phase6-growth-community-producers.ts,/api/v1/community/boards; /api/v1/community/posts; /api/v1/community/posts/{postId}/comments; /api/v1/community/reports,community_boards; community_posts; community_comments; community_reactions; community_reports,community DB repository tests PASS; mobile community contract tests PASS; notification producer tests PASS; focused Phase 6 tests and staging harness PASS; focused Phase 6 tests and staging harness PASS; focused Phase 6 tests and staging harness PASS,"Phase 6 staging runtime evidence docs/growth-community/PHASE_6_STAGING_RUNTIME_EVIDENCE.json; assertions={""apiReady"":true,""authReady"":true,""growthE2E"":true,""growthXpConcurrency"":true,""communityE2E"":true,""crossUserRuntime"":true,""tnsRuntime"":true,""writeE2E"":true,""r2UploadRuntime"":true,""uploadSecurity"":true,""notificationProducerRuntime"":true,""perf007"":true}; PERF-007 p95=762.97ms",PASS,
COM-008,COM,community,"boards, posts, comments, reactions, bookmarks, shares, reports, moderation",services/api/src/routes/community.routes.ts; services/api/src/repositories/community.repository.ts; services/api/src/notifications/phase6-growth-community-producers.ts,/api/v1/community/boards; /api/v1/community/posts; /api/v1/community/posts/{postId}/comments; /api/v1/community/reports,community_boards; community_posts; community_comments; community_reactions; community_reports,community DB repository tests PASS; mobile community contract tests PASS; notification producer tests PASS; focused Phase 6 tests and staging harness PASS; focused Phase 6 tests and staging harness PASS; focused Phase 6 tests and staging harness PASS,"Phase 6 staging runtime evidence docs/growth-community/PHASE_6_STAGING_RUNTIME_EVIDENCE.json; assertions={""apiReady"":true,""authReady"":true,""growthE2E"":true,""growthXpConcurrency"":true,""communityE2E"":true,""crossUserRuntime"":true,""tnsRuntime"":true,""writeE2E"":true,""r2UploadRuntime"":true,""uploadSecurity"":true,""notificationProducerRuntime"":true,""perf007"":true}; PERF-007 p95=762.97ms",PASS,
COM-009,COM,community,"boards, posts, comments, reactions, bookmarks, shares, reports, moderation",services/api/src/routes/community.routes.ts; services/api/src/repositories/community.repository.ts; services/api/src/notifications/phase6-growth-community-producers.ts,/api/v1/community/boards; /api/v1/community/posts; /api/v1/community/posts/{postId}/comments; /api/v1/community/reports,community_boards; community_posts; community_comments; community_reactions; community_reports,community DB repository tests PASS; mobile community contract tests PASS; notification producer tests PASS; focused Phase 6 tests and staging harness PASS; focused Phase 6 tests and staging harness PASS; focused Phase 6 tests and staging harness PASS,"Phase 6 staging runtime evidence docs/growth-community/PHASE_6_STAGING_RUNTIME_EVIDENCE.json; assertions={""apiReady"":true,""authReady"":true,""growthE2E"":true,""growthXpConcurrency"":true,""communityE2E"":true,""crossUserRuntime"":true,""tnsRuntime"":true,""writeE2E"":true,""r2UploadRuntime"":true,""uploadSecurity"":true,""notificationProducerRuntime"":true,""perf007"":true}; PERF-007 p95=762.97ms",PASS,
COM-010,COM,community,"boards, posts, comments, reactions, bookmarks, shares, reports, moderation",services/api/src/routes/community.routes.ts; services/api/src/repositories/community.repository.ts; services/api/src/notifications/phase6-growth-community-producers.ts,/api/v1/community/boards; /api/v1/community/posts; /api/v1/community/posts/{postId}/comments; /api/v1/community/reports,community_boards; community_posts; community_comments; community_reactions; community_reports,community DB repository tests PASS; mobile community contract tests PASS; notification producer tests PASS; focused Phase 6 tests and staging harness PASS; focused Phase 6 tests and staging harness PASS; focused Phase 6 tests and staging harness PASS,"Phase 6 staging runtime evidence docs/growth-community/PHASE_6_STAGING_RUNTIME_EVIDENCE.json; assertions={""apiReady"":true,""authReady"":true,""growthE2E"":true,""growthXpConcurrency"":true,""communityE2E"":true,""crossUserRuntime"":true,""tnsRuntime"":true,""writeE2E"":true,""r2UploadRuntime"":true,""uploadSecurity"":true,""notificationProducerRuntime"":true,""perf007"":true}; PERF-007 p95=762.97ms",PASS,
COM-011,COM,community,"boards, posts, comments, reactions, bookmarks, shares, reports, moderation",services/api/src/routes/community.routes.ts; services/api/src/repositories/community.repository.ts; services/api/src/notifications/phase6-growth-community-producers.ts,/api/v1/community/boards; /api/v1/community/posts; /api/v1/community/posts/{postId}/comments; /api/v1/community/reports,community_boards; community_posts; community_comments; community_reactions; community_reports,community DB repository tests PASS; mobile community contract tests PASS; notification producer tests PASS; focused Phase 6 tests and staging harness PASS; focused Phase 6 tests and staging harness PASS; focused Phase 6 tests and staging harness PASS,"Phase 6 staging runtime evidence docs/growth-community/PHASE_6_STAGING_RUNTIME_EVIDENCE.json; assertions={""apiReady"":true,""authReady"":true,""growthE2E"":true,""growthXpConcurrency"":true,""communityE2E"":true,""crossUserRuntime"":true,""tnsRuntime"":true,""writeE2E"":true,""r2UploadRuntime"":true,""uploadSecurity"":true,""notificationProducerRuntime"":true,""perf007"":true}; PERF-007 p95=762.97ms",PASS,
COM-012,COM,community,"boards, posts, comments, reactions, bookmarks, shares, reports, moderation",services/api/src/routes/community.routes.ts; services/api/src/repositories/community.repository.ts; services/api/src/notifications/phase6-growth-community-producers.ts,/api/v1/community/boards; /api/v1/community/posts; /api/v1/community/posts/{postId}/comments; /api/v1/community/reports,community_boards; community_posts; community_comments; community_reactions; community_reports,community DB repository tests PASS; mobile community contract tests PASS; notification producer tests PASS; focused Phase 6 tests and staging harness PASS; focused Phase 6 tests and staging harness PASS; focused Phase 6 tests and staging harness PASS,"Phase 6 staging runtime evidence docs/growth-community/PHASE_6_STAGING_RUNTIME_EVIDENCE.json; assertions={""apiReady"":true,""authReady"":true,""growthE2E"":true,""growthXpConcurrency"":true,""communityE2E"":true,""crossUserRuntime"":true,""tnsRuntime"":true,""writeE2E"":true,""r2UploadRuntime"":true,""uploadSecurity"":true,""notificationProducerRuntime"":true,""perf007"":true}; PERF-007 p95=762.97ms",PASS,
WRITE-001,WRITE,write/upload,upload prepare/finalize/direct metadata/security lifecycle,services/api/src/routes/uploads.routes.ts; services/api/src/repositories/uploads.repository.ts,/api/v1/uploads; /api/v1/uploads/prepare; /api/v1/uploads/direct; /api/v1/uploads/{attachmentId}/finalize,attachments; upload_sessions,uploads DB repository test PASS; mobile uploads contract tests PASS; focused Phase 6 tests and staging harness PASS; focused Phase 6 tests and staging harness PASS; focused Phase 6 tests and staging harness PASS,"Phase 6 staging runtime evidence docs/growth-community/PHASE_6_STAGING_RUNTIME_EVIDENCE.json; assertions={""apiReady"":true,""authReady"":true,""growthE2E"":true,""growthXpConcurrency"":true,""communityE2E"":true,""crossUserRuntime"":true,""tnsRuntime"":true,""writeE2E"":true,""r2UploadRuntime"":true,""uploadSecurity"":true,""notificationProducerRuntime"":true,""perf007"":true}; PERF-007 p95=762.97ms",PASS,
WRITE-002,WRITE,write/upload,upload prepare/finalize/direct metadata/security lifecycle,services/api/src/routes/uploads.routes.ts; services/api/src/repositories/uploads.repository.ts,/api/v1/uploads; /api/v1/uploads/prepare; /api/v1/uploads/direct; /api/v1/uploads/{attachmentId}/finalize,attachments; upload_sessions,uploads DB repository test PASS; mobile uploads contract tests PASS; focused Phase 6 tests and staging harness PASS; focused Phase 6 tests and staging harness PASS; focused Phase 6 tests and staging harness PASS,"Phase 6 staging runtime evidence docs/growth-community/PHASE_6_STAGING_RUNTIME_EVIDENCE.json; assertions={""apiReady"":true,""authReady"":true,""growthE2E"":true,""growthXpConcurrency"":true,""communityE2E"":true,""crossUserRuntime"":true,""tnsRuntime"":true,""writeE2E"":true,""r2UploadRuntime"":true,""uploadSecurity"":true,""notificationProducerRuntime"":true,""perf007"":true}; PERF-007 p95=762.97ms",PASS,
WRITE-003,WRITE,write/upload,upload prepare/finalize/direct metadata/security lifecycle,services/api/src/routes/uploads.routes.ts; services/api/src/repositories/uploads.repository.ts,/api/v1/uploads; /api/v1/uploads/prepare; /api/v1/uploads/direct; /api/v1/uploads/{attachmentId}/finalize,attachments; upload_sessions,uploads DB repository test PASS; mobile uploads contract tests PASS; focused Phase 6 tests and staging harness PASS; focused Phase 6 tests and staging harness PASS; focused Phase 6 tests and staging harness PASS,"Phase 6 staging runtime evidence docs/growth-community/PHASE_6_STAGING_RUNTIME_EVIDENCE.json; assertions={""apiReady"":true,""authReady"":true,""growthE2E"":true,""growthXpConcurrency"":true,""communityE2E"":true,""crossUserRuntime"":true,""tnsRuntime"":true,""writeE2E"":true,""r2UploadRuntime"":true,""uploadSecurity"":true,""notificationProducerRuntime"":true,""perf007"":true}; PERF-007 p95=762.97ms",PASS,
WRITE-004,WRITE,write/upload,upload prepare/finalize/direct metadata/security lifecycle,services/api/src/routes/uploads.routes.ts; services/api/src/repositories/uploads.repository.ts,/api/v1/uploads; /api/v1/uploads/prepare; /api/v1/uploads/direct; /api/v1/uploads/{attachmentId}/finalize,attachments; upload_sessions,uploads DB repository test PASS; mobile uploads contract tests PASS; focused Phase 6 tests and staging harness PASS; focused Phase 6 tests and staging harness PASS; focused Phase 6 tests and staging harness PASS,"Phase 6 staging runtime evidence docs/growth-community/PHASE_6_STAGING_RUNTIME_EVIDENCE.json; assertions={""apiReady"":true,""authReady"":true,""growthE2E"":true,""growthXpConcurrency"":true,""communityE2E"":true,""crossUserRuntime"":true,""tnsRuntime"":true,""writeE2E"":true,""r2UploadRuntime"":true,""uploadSecurity"":true,""notificationProducerRuntime"":true,""perf007"":true}; PERF-007 p95=762.97ms",PASS,
WRITE-005,WRITE,write/upload,upload prepare/finalize/direct metadata/security lifecycle,services/api/src/routes/uploads.routes.ts; services/api/src/repositories/uploads.repository.ts,/api/v1/uploads; /api/v1/uploads/prepare; /api/v1/uploads/direct; /api/v1/uploads/{attachmentId}/finalize,attachments; upload_sessions,uploads DB repository test PASS; mobile uploads contract tests PASS; focused Phase 6 tests and staging harness PASS; focused Phase 6 tests and staging harness PASS; focused Phase 6 tests and staging harness PASS,"Phase 6 staging runtime evidence docs/growth-community/PHASE_6_STAGING_RUNTIME_EVIDENCE.json; assertions={""apiReady"":true,""authReady"":true,""growthE2E"":true,""growthXpConcurrency"":true,""communityE2E"":true,""crossUserRuntime"":true,""tnsRuntime"":true,""writeE2E"":true,""r2UploadRuntime"":true,""uploadSecurity"":true,""notificationProducerRuntime"":true,""perf007"":true}; PERF-007 p95=762.97ms",PASS,
WRITE-006,WRITE,write/upload,upload prepare/finalize/direct metadata/security lifecycle,services/api/src/routes/uploads.routes.ts; services/api/src/repositories/uploads.repository.ts,/api/v1/uploads; /api/v1/uploads/prepare; /api/v1/uploads/direct; /api/v1/uploads/{attachmentId}/finalize,attachments; upload_sessions,uploads DB repository test PASS; mobile uploads contract tests PASS; focused Phase 6 tests and staging harness PASS; focused Phase 6 tests and staging harness PASS; focused Phase 6 tests and staging harness PASS,"Phase 6 staging runtime evidence docs/growth-community/PHASE_6_STAGING_RUNTIME_EVIDENCE.json; assertions={""apiReady"":true,""authReady"":true,""growthE2E"":true,""growthXpConcurrency"":true,""communityE2E"":true,""crossUserRuntime"":true,""tnsRuntime"":true,""writeE2E"":true,""r2UploadRuntime"":true,""uploadSecurity"":true,""notificationProducerRuntime"":true,""perf007"":true}; PERF-007 p95=762.97ms",PASS,
NOTI-008,NOTI,growth/community notifications,Growth completion and community activity producer integration,services/api/src/notifications/phase6-growth-community-producers.ts; services/api/src/app.ts,/api/v1/growth/*; /api/v1/community/*; notification producer hook,notifications,phase6 producer tests PASS; focused Phase 6 tests and staging harness PASS; focused Phase 6 tests and staging harness PASS; focused Phase 6 tests and staging harness PASS,"Phase 6 staging runtime evidence docs/growth-community/PHASE_6_STAGING_RUNTIME_EVIDENCE.json; assertions={""apiReady"":true,""authReady"":true,""growthE2E"":true,""growthXpConcurrency"":true,""communityE2E"":true,""crossUserRuntime"":true,""tnsRuntime"":true,""writeE2E"":true,""r2UploadRuntime"":true,""uploadSecurity"":true,""notificationProducerRuntime"":true,""perf007"":true}; PERF-007 p95=762.97ms",PASS,
PERF-007,PERF,growth/community/write performance,Phase 6 performance/load acceptance,services/api/src/routes/growth.routes.ts; services/api/src/routes/community.routes.ts; services/api/src/routes/uploads.routes.ts,/api/v1/growth/*; /api/v1/community/*; /api/v1/uploads/*,growth_*; community_*; attachments,focused local tests PASS; focused Phase 6 tests and staging harness PASS; focused Phase 6 tests and staging harness PASS; focused Phase 6 tests and staging harness PASS,"Phase 6 staging runtime evidence docs/growth-community/PHASE_6_STAGING_RUNTIME_EVIDENCE.json; assertions={""apiReady"":true,""authReady"":true,""growthE2E"":true,""growthXpConcurrency"":true,""communityE2E"":true,""crossUserRuntime"":true,""tnsRuntime"":true,""writeE2E"":true,""r2UploadRuntime"":true,""uploadSecurity"":true,""notificationProducerRuntime"":true,""perf007"":true}; PERF-007 p95=762.97ms",PASS,
